name,vmag,ra_deg,dec_deg,bv_color
HIP 32349,-1.44,101.28854105,-16.71314306, 0.009
HIP 30438,-0.62,95.98787763,-52.69571799, 0.164
HIP 69673,-0.05,213.91811403,19.18726997, 1.239
HIP 71683,-0.01,219.92041034,-60.83514707, 0.710
HIP 91262, 0.03,279.23410832,38.78299311,-0.001
HIP 24608, 0.08,79.17206517,45.99902927, 0.795
HIP 24436, 0.18,78.63446353,-8.20163919,-0.03
HIP 37279, 0.40,114.82724194,5.22750767, 0.432
HIP 7588, 0.45,24.42813204,-57.23666007,-0.158
HIP 27989, 0.45,88.79287161,7.40703634, 1.500
HIP 68702, 0.61,210.95601898,-60.3729784,-0.231
HIP 97649, 0.76,297.6945086,8.86738491, 0.221
HIP 60718, 0.77,186.64975585,-63.09905586,-0.243
HIP 21421, 0.87,68.98000195,16.50976164, 1.538
HIP 65474, 0.98,201.2983523,-11.16124491,-0.235
HIP 80763, 1.06,247.35194804,-26.43194608, 1.865
HIP 37826, 1.16,116.33068263,28.02631031, 0.991
HIP 113368, 1.17,344.41177323,-29.62183701, 0.145
HIP 62434, 1.25,191.93049537,-59.68873246,-0.238
HIP 102098, 1.25,310.3579727,45.28033423, 0.092
HIP 71681, 1.35,219.91412833,-60.83947139, 0.900
HIP 49669, 1.36,152.09358075,11.96719513,-0.087
HIP 33579, 1.50,104.65644451,-28.97208931,-0.211
HIP 36850, 1.58,113.65001898,31.88863645, 0.034
HIP 61084, 1.59,187.79137202,-57.11256922, 1.600
HIP 85927, 1.62,263.40219373,-37.10374835,-0.231
HIP 25336, 1.64,81.28278416,6.34973451,-0.224
HIP 25428, 1.65,81.57290804,28.60787346,-0.13
HIP 45238, 1.67,138.30100329,-69.71747245, 0.070
HIP 26311, 1.69,84.05338572,-1.20191725,-0.184
HIP 109268, 1.73,332.05781838,-46.96061593,-0.07
HIP 26727, 1.74,85.18968672,-1.94257841,-0.199
HIP 39953, 1.75,122.38314727,-47.33661177,-0.145
HIP 62956, 1.76,193.5068041,55.95984301,-0.022
HIP 90185, 1.79,276.04310967,-34.3843146,-0.031
HIP 15863, 1.79,51.08061889,49.86124281, 0.481
HIP 54061, 1.81,165.93265365,61.75111888, 1.061
HIP 34444, 1.83,107.09785853,-26.39320776, 0.671
HIP 67301, 1.85,206.8856088,49.31330288,-0.099
HIP 41037, 1.86,125.62860299,-59.50953829, 1.196
HIP 86228, 1.86,264.32969072,-42.99782155, 0.406
HIP 28360, 1.90,89.88237261,44.94743492, 0.077
HIP 82273, 1.91,252.16610742,-69.02763503, 1.447
HIP 42913, 1.93,131.17582214,-54.70856797, 0.043
HIP 31681, 1.93,99.42792641,16.39941482, 0.001
HIP 100751, 1.94,306.41187347,-56.73488071,-0.118
HIP 11767, 1.97,37.94614689,89.26413805, 0.636
HIP 30324, 1.98,95.6749475,-17.95591658,-0.24
HIP 46390, 1.99,141.8968826,-8.65868335, 1.440
HIP 50583, 2.01,154.99234054,19.84186032, 1.128
HIP 9884, 2.01,31.79285757,23.46277743, 1.151
HIP 3419, 2.04,10.89678452,-17.9866841, 1.019
HIP 92855, 2.05,283.81631956,-26.29659428,-0.134
HIP 68933, 2.06,211.67218608,-36.36869575, 1.011
HIP 112122, 2.07,340.66639531,-46.88456594, 1.610
HIP 27366, 2.07,86.93911641,-9.66960186,-0.168
HIP 677, 2.07,2.09653333,29.09082805,-0.038
HIP 5447, 2.07,17.43248991,35.62083048, 1.576
HIP 72607, 2.07,222.67664751,74.15547596, 1.465
HIP 86032, 2.08,263.73335321,12.56057584, 0.155
HIP 14576, 2.09,47.04220716,40.9556512,-0.003
HIP 9640, 2.10,30.97466283,42.32984832, 1.370
HIP 57632, 2.14,177.26615977,14.57233687, 0.090
HIP 4427, 2.15,14.17708808,60.71674966,-0.046
HIP 61932, 2.20,190.38002079,-48.95988553,-0.023
HIP 45556, 2.21,139.27261834,-59.27526115, 0.189
HIP 39429, 2.21,120.89612561,-40.00318846,-0.269
HIP 76267, 2.22,233.67162293,26.71491041, 0.032
HIP 44816, 2.23,136.99907126,-43.43262406, 1.665
HIP 100453, 2.23,305.55708346,40.2566815, 0.673
HIP 65378, 2.23,200.98091604,54.92541525, 0.057
HIP 87833, 2.24,269.15157439,51.48895101, 1.521
HIP 3179, 2.24,10.12661349,56.53740928, 1.170
HIP 25930, 2.25,83.00166562,-0.2990934,-0.175
HIP 746, 2.28,2.29204036,59.15021814, 0.380
HIP 66657, 2.29,204.97196962,-53.46636269,-0.171
HIP 82396, 2.29,252.54268738,-34.29260982, 1.144
HIP 78401, 2.29,240.08338225,-22.62162024,-0.117
HIP 71860, 2.30,220.48239101,-47.38814127,-0.154
HIP 71352, 2.33,218.87688163,-42.15774562,-0.157
HIP 53910, 2.34,165.4599615,56.38234478, 0.033
HIP 72105, 2.35,221.24687869,27.07417383, 0.966
HIP 107315, 2.38,326.04641808,9.87500791, 1.520
HIP 86670, 2.39,265.62199908,-39.02992092,-0.171
HIP 2081, 2.40,6.57028075,-42.30512197, 1.083
HIP 58001, 2.41,178.45725536,53.69473296, 0.044
HIP 84012, 2.43,257.59442659,-15.72514757, 0.059
HIP 113881, 2.44,345.94305575,28.08245462, 1.655
HIP 35904, 2.45,111.02377104,-29.30311979,-0.083
HIP 105199, 2.45,319.64408982,62.58545529, 0.257
HIP 45941, 2.47,140.52845511,-55.01069531,-0.141
HIP 102488, 2.48,311.55180091,33.96945334, 1.021
HIP 113963, 2.49,346.1900702,15.20536786,-0.002
HIP 81377, 2.54,249.28970847,-10.5671518, 0.038
HIP 14135, 2.54,45.56991279,4.08992539, 1.630
HIP 68002, 2.55,208.88514539,-47.28826634,-0.176
HIP 78820, 2.56,241.35931206,-19.80539286,-0.065
HIP 54872, 2.56,168.52671705,20.52403384, 0.128
HIP 59196, 2.58,182.08976505,-50.72240999,-0.128
HIP 25985, 2.58,83.18255798,-17.82229227, 0.211
HIP 59803, 2.58,183.95194937,-17.5419837,-0.107
HIP 93506, 2.60,285.65301428,-29.88011429, 0.062
HIP 74785, 2.61,229.25196591,-9.38286694,-0.071
HIP 77070, 2.63,236.06664914,6.42551971, 1.167
HIP 8903, 2.64,28.65978771,20.80829949, 0.165
HIP 26634, 2.65,84.91224975,-34.07404941,-0.12
HIP 61359, 2.65,188.59680864,-23.39662306, 0.893
HIP 28380, 2.65,89.93015897,37.21276409,-0.083
HIP 6686, 2.66,21.45251267,60.23540347, 0.160
HIP 73273, 2.68,224.63314193,-43.13386699,-0.184
HIP 67927, 2.68,208.6713175,18.39858742, 0.580
HIP 61585, 2.69,189.29618208,-69.13553358,-0.176
HIP 52727, 2.69,161.69217542,-49.42012517, 0.901
HIP 23015, 2.69,74.24840098,33.16613537, 1.490
HIP 85696, 2.70,262.69099501,-37.29574016,-0.179
HIP 35264, 2.71,109.28568399,-37.09748689, 1.616
HIP 89931, 2.72,275.24842337,-29.82803914, 1.380
HIP 97278, 2.72,296.56487567,10.61326869, 1.507
HIP 79593, 2.73,243.58652601,-3.69397562, 1.584
HIP 80331, 2.73,245.99794523,61.51407536, 0.910
HIP 52419, 2.74,160.73927802,-64.39447937,-0.22
HIP 61941, 2.74,190.41667557,-1.44952231, 0.368
HIP 65109, 2.75,200.15027321,-36.71208109, 0.068
HIP 72622, 2.75,222.71990536,-16.04161047, 0.147
HIP 26241, 2.75,83.85825475,-5.90989984,-0.21
HIP 86742, 2.76,265.86823714,4.56691684, 1.168
HIP 23875, 2.78,76.96264146,-5.08626282, 0.161
HIP 84345, 2.78,258.66192687,14.39025314, 1.164
HIP 80816, 2.78,247.55525697,21.4896485, 0.947
HIP 59747, 2.79,183.78648733,-58.74890179,-0.193
HIP 85670, 2.79,262.60823708,52.30135901, 0.954
HIP 76297, 2.80,233.78525156,-41.16669497,-0.216
HIP 25606, 2.81,82.06135971,-20.75923214, 0.807
HIP 81693, 2.81,250.32282132,31.60188695, 0.650
HIP 2021, 2.82,6.41334183,-77.25503511, 0.618
HIP 81266, 2.82,248.97066423,-28.21596156,-0.206
HIP 90496, 2.82,276.99278955,-25.42124732, 1.025
HIP 77952, 2.83,238.78670013,-63.42974973, 0.315
HIP 39757, 2.83,121.88625899,-24.30443677, 0.458
HIP 1067, 2.83,3.30895828,15.18361593,-0.19
HIP 85258, 2.84,261.32498828,-55.52982397, 1.479
HIP 85792, 2.84,262.96050661,-49.87598159,-0.136
HIP 18246, 2.84,58.53299363,31.88365776, 0.271
HIP 107556, 2.85,326.75952199,-16.12656595, 0.180
HIP 63608, 2.85,195.54483557,10.95910186, 0.934
HIP 17702, 2.85,56.87110065,24.10524193,-0.086
HIP 9236, 2.86,29.69113269,-61.56992444, 0.290
HIP 97165, 2.86,296.24350878,45.13069195,-0.002
HIP 74946, 2.87,229.72787007,-68.67946723, 0.014
HIP 110130, 2.87,334.62574257,-60.25949486, 1.390
HIP 30343, 2.87,95.73996302,22.51385027, 1.621
HIP 13847, 2.88,44.5654818,-40.30473491, 0.128
HIP 94141, 2.88,287.44097404,-21.02352534, 0.377
HIP 78265, 2.89,239.71300283,-26.1140428,-0.18
HIP 36188, 2.89,111.78780121,8.28940893,-0.097
HIP 63125, 2.89,194.00767051,38.31824617,-0.115
HIP 80112, 2.90,245.29717718,-25.59275259, 0.299
HIP 106278, 2.90,322.88966951,-5.57115593, 0.828
HIP 18532, 2.90,59.46342138,40.01027315,-0.199
HIP 14328, 2.91,46.19912598,53.50645031, 0.716
HIP 48002, 2.92,146.7755734,-65.07201888, 0.273
HIP 112158, 2.93,340.75053573,30.22130866, 0.852
HIP 32768, 2.94,102.48390349,-50.61439973, 1.207
HIP 60965, 2.94,187.4665965,-16.51509397,-0.012
HIP 109074, 2.95,331.44593869,-0.31982656, 0.969
HIP 18543, 2.97,59.50720862,-13.50824471, 1.588
HIP 26451, 2.97,84.41118447,21.14259299,-0.148
HIP 47908, 2.97,146.4629267,23.77427792, 0.808
HIP 88635, 2.98,271.45218586,-30.42365007, 0.981
HIP 87073, 2.99,266.89617137,-40.12698197, 0.509
HIP 64962, 2.99,199.7302224,-23.17141246, 0.920
HIP 93747, 2.99,286.3525518,13.86370983, 0.014
HIP 82514, 3.00,252.96766195,-38.04732717,-0.2
HIP 108085, 3.00,328.48189202,-37.3648229,-0.084
HIP 10064, 3.00,32.38550383,34.98739204, 0.140
HIP 54539, 3.00,167.41608092,44.49855337, 1.144
HIP 75097, 3.00,230.1822884,71.83397308, 0.058
HIP 17358, 3.01,55.7311754,47.7876533,-0.125
HIP 30122, 3.02,95.07827982,-30.06337656,-0.16
HIP 33977, 3.02,105.75613986,-23.83330131,-0.077
HIP 59316, 3.02,182.53135773,-22.61979211, 1.326
HIP 23416, 3.03,75.49222507,43.82331397, 0.537
HIP 62322, 3.04,191.57029013,-68.10809405,-0.178
HIP 71075, 3.04,218.01982421,38.30788348, 0.191
HIP 100345, 3.05,305.25269347,-14.78140119, 0.790
HIP 95947, 3.05,292.68035529,27.9596948, 1.088
HIP 32246, 3.06,100.98304088,25.13115531, 1.377
HIP 50801, 3.06,155.58251355,41.4994335, 1.603
HIP 94376, 3.07,288.13814581,67.66131695, 0.990
HIP 89642, 3.10,274.4072049,-36.76128103, 1.582
HIP 56561, 3.11,173.94553448,-63.01982488,-0.044
HIP 101772, 3.11,309.39162365,-47.29166239, 0.998
HIP 52943, 3.11,162.40596699,-16.19413208, 1.232
HIP 43813, 3.11,133.84868687,5.9455277, 0.978
HIP 83081, 3.12,254.65512817,-55.99005508, 1.552
HIP 27628, 3.12,87.7398034,-35.76929225, 1.146
HIP 84379, 3.12,258.75801735,24.83958739, 0.080
HIP 44127, 3.12,134.80349479,48.04234956, 0.223
HIP 73334, 3.13,224.79041254,-42.10414199,-0.208
HIP 45860, 3.14,140.26441169,34.39252592, 1.550
HIP 46701, 3.16,142.80564072,-57.0343916, 1.538
HIP 84380, 3.16,258.76189282,36.80915527, 1.437
HIP 31685, 3.17,99.44029869,-43.19592394,-0.103
HIP 92041, 3.17,281.41397083,-26.9907794,-0.107
HIP 46853, 3.17,143.21802191,51.67860208, 0.475
HIP 83895, 3.17,257.19677111,65.71463676,-0.12
HIP 71908, 3.18,220.62785433,-64.97456957, 0.256
HIP 23767, 3.18,76.62862102,41.23464074,-0.148
HIP 87261, 3.19,267.4643802,-37.04337105, 1.192
HIP 23685, 3.19,76.36521705,-22.37085673, 1.460
HIP 22449, 3.19,72.45890935,6.96124744, 0.484
HIP 83000, 3.19,254.41779418,9.37505626, 1.160
HIP 104732, 3.21,318.23408977,30.22708128, 0.990
HIP 116727, 3.21,354.83742516,77.63196681, 1.031
HIP 75141, 3.22,230.34306833,-40.64745946,-0.227
HIP 79882, 3.23,244.58016994,-4.69260809, 0.966
HIP 89962, 3.23,275.32883578,-2.897122, 0.941
HIP 106032, 3.23,322.16489595,70.56069481,-0.201
HIP 32607, 3.24,102.04807134,-61.94197988, 0.225
HIP 99473, 3.24,302.82610327,-0.82147569,-0.066
HIP 36377, 3.25,112.3078263,-43.30189129, 1.509
HIP 68895, 3.25,211.59278733,-26.68201883, 1.091
HIP 73714, 3.25,226.01775793,-25.28185602, 1.674
HIP 93194, 3.25,284.73593568,32.68955312,-0.049
HIP 17678, 3.26,56.80929799,-74.23924251, 1.590
HIP 84970, 3.27,260.50243371,-24.99948797,-0.186
HIP 113136, 3.27,343.6626635,-15.82075994, 0.066
HIP 3092, 3.27,9.83165567,30.86122579, 1.268
HIP 50099, 3.29,153.43449551,-70.03792169,-0.074
HIP 24305, 3.29,78.2328046,-16.20542901,-0.11
HIP 75458, 3.29,231.2324337,58.96602354, 1.166
HIP 51576, 3.30,158.0061825,-61.68536031,-0.089
HIP 21281, 3.30,68.49882684,-55.04500559,-0.079
HIP 85267, 3.31,261.34858274,-56.37768824,-0.15
HIP 29655, 3.31,93.71956952,22.50682376, 1.600
HIP 5165, 3.32,16.52127713,-46.71849042, 0.885
HIP 84143, 3.32,258.038233,-43.23849039, 0.441
HIP 93864, 3.32,286.73517629,-27.66981416, 1.169
HIP 88048, 3.32,269.75665662,-9.77334973, 0.987
HIP 14354, 3.32,46.29373754,38.84053298, 1.528
HIP 59774, 3.32,183.85603795,57.03259792, 0.077
HIP 19780, 3.33,63.60596306,-62.47397888, 0.915
HIP 54879, 3.33,168.56017036,15.4297631,-0.003
HIP 38170, 3.34,117.32357809,-24.85978401, 1.218
HIP 25281, 3.35,81.11923774,-2.39713844,-0.24
HIP 32362, 3.35,101.3226398,12.89605513, 0.443
HIP 41704, 3.35,127.56679232,60.7184311, 0.856
HIP 8886, 3.35,28.59868107,63.67014686,-0.15
HIP 95501, 3.36,291.37396941,3.11457923, 0.319
HIP 75264, 3.37,230.67036465,-44.68957314,-0.191
HIP 66249, 3.38,203.673978,-0.59593821, 0.114
HIP 43109, 3.38,131.6943593,6.41890691, 0.685
HIP 50371, 3.39,154.27085535,-61.33231977, 1.541
HIP 63090, 3.39,193.90201366,3.39759862, 1.571
HIP 26207, 3.39,83.78449043,9.93416294,-0.16
HIP 109492, 3.39,332.71359131,58.20124992, 1.558
HIP 20894, 3.40,67.16531219,15.8709468, 0.179
HIP 74395, 3.41,228.07167982,-52.09907465, 0.918
HIP 6867, 3.41,22.0914236,-43.31772906, 1.542
HIP 67464, 3.41,207.3762392,-41.68765971,-0.225
HIP 112029, 3.41,340.36531181,10.83139111,-0.086
HIP 18724, 3.41,60.17008591,12.49037571,-0.099
HIP 102422, 3.41,311.32195263,61.83679404, 0.912
HIP 102395, 3.42,311.2398153,-66.20323826, 0.163
HIP 78384, 3.42,240.03058543,-38.39664079,-0.206
HIP 86974, 3.42,266.61549553,27.72249917, 0.750
HIP 8796, 3.42,28.27041595,29.57939727, 0.488
HIP 45080, 3.43,137.74210535,-58.96693014,-0.19
HIP 93805, 3.43,286.56229139,-4.88233456,-0.096
HIP 50335, 3.43,154.17251805,23.4173284, 0.307
HIP 50372, 3.45,154.27469564,42.91446855, 0.029
HIP 38827, 3.46,119.19475729,-52.98240062,-0.177
HIP 5364, 3.46,17.14693197,-10.181928, 1.161
HIP 74666, 3.46,228.87543241,33.31510222, 0.961
HIP 3821, 3.46,12.27125262,57.8165477, 0.587
HIP 67472, 3.47,207.40419934,-42.47368506,-0.17
HIP 12706, 3.47,40.82551897,3.23617162, 0.093
HIP 49583, 3.48,151.83313948,16.76266572,-0.031
HIP 81833, 3.48,250.72391068,38.92246103, 0.916
HIP 112623, 3.49,342.13832136,-51.31670354, 0.083
HIP 90422, 3.49,276.74345947,-45.96832919,-0.179
HIP 33856, 3.49,105.42979876,-27.93484165, 1.729
HIP 8102, 3.49,26.02136441,-15.93955597, 0.727
HIP 55219, 3.49,169.61981385,33.09423881, 1.400
HIP 73555, 3.49,225.48663804,40.39063671, 0.956
HIP 32759, 3.50,102.46027285,-32.50848752,-0.116
HIP 35550, 3.50,110.0307889,21.98233941, 0.374
HIP 112724, 3.50,342.42046735,66.20071089, 1.053
HIP 98337, 3.51,299.68911516,19.49209287, 1.571
HIP 112748, 3.51,342.5004181,24.60168486, 0.933
HIP 48774, 3.52,149.2156452,-54.5677973,-0.067
HIP 93085, 3.52,284.43241556,-21.10662433, 1.151
HIP 17378, 3.52,55.81231706,-9.76519868, 0.915
HIP 109427, 3.52,332.54924902,6.197789, 0.086
HIP 47508, 3.52,145.28799116,9.89239902, 0.516
HIP 92420, 3.52,282.51997462,33.36267788, 0.003
HIP 40526, 3.53,124.12895101,9.18566295, 1.481
HIP 20889, 3.53,67.15388879,19.18052092, 1.014
HIP 56343, 3.54,173.25107936,-31.85752405, 0.947
HIP 86263, 3.54,264.39677181,-15.39840835, 0.262
HIP 77516, 3.54,237.40527375,-3.43014112,-0.036
HIP 99240, 3.55,302.17441713,-66.17932101, 0.751
HIP 69996, 3.55,214.85096972,-46.05808391,-0.184
HIP 20042, 3.55,64.47341068,-33.79833145,-0.108
HIP 27288, 3.55,86.73895728,-14.82194717, 0.104
HIP 89937, 3.55,275.25974572,72.73369763, 0.489
HIP 10602, 3.56,34.12708452,-51.51211145,-0.12
HIP 82545, 3.56,253.08397295,-38.01747781,-0.21
HIP 55282, 3.56,169.83551103,-14.77904358, 1.112
HIP 1562, 3.56,4.85701265,-8.82382948, 1.214
HIP 75177, 3.57,230.45181856,-36.26116729, 1.534
HIP 37740, 3.57,116.11195237,24.39812929, 0.932
HIP 71053, 3.57,217.95774098,30.37114497, 1.298
HIP 44471, 3.57,135.90649494,47.15665934, 0.007
HIP 100064, 3.58,304.5134103,-12.54485877, 0.883
HIP 35350, 3.58,109.52336162,16.54047526, 0.106
HIP 60260, 3.59,185.34088036,-60.40136988, 1.389
HIP 27072, 3.59,86.11656241,-22.44748663, 0.481
HIP 24674, 3.59,79.40166225,-6.84438616,-0.115
HIP 57757, 3.59,177.67202553,1.76537705, 0.518
HIP 7607, 3.59,24.49792651,48.62848641, 1.275
HIP 85727, 3.60,262.77490395,-60.68360667,-0.104
HIP 42536, 3.60,130.07337168,-52.92197259,-0.168
HIP 46651, 3.60,142.67547063,-40.46688763, 0.371
HIP 76470, 3.60,234.25607748,-28.13507099, 1.361
HIP 6537, 3.60,21.00604671,-8.18275372, 1.065
HIP 33018, 3.60,103.1972503,33.96136985, 0.102
HIP 63613, 3.61,195.56573968,-71.54879865, 1.190
HIP 86929, 3.61,266.43334347,-64.7237345, 1.161
HIP 49841, 3.61,152.64748785,-12.35383921, 1.007
HIP 15900, 3.61,51.20349011,9.02906504, 0.887
HIP 13209, 3.61,42.49578911,27.26079044,-0.1
HIP 82729, 3.62,253.64627156,-42.36075916, 1.393
HIP 37819, 3.62,116.31376631,-37.96859848, 1.706
HIP 7097, 3.62,22.87080776,15.34583101, 0.974
HIP 17847, 3.62,57.29054669,24.05352412,-0.07
HIP 113726, 3.62,345.48019377,42.32597866,-0.099
HIP 57363, 3.63,176.40236386,-66.72884344, 0.160
HIP 101769, 3.64,309.38695734,14.59520289, 0.425
HIP 88714, 3.65,271.65782832,-50.09145462,-0.101
HIP 110960, 3.65,337.20750231,-0.02006304, 0.406
HIP 77233, 3.65,236.54672877,15.42192602, 0.073
HIP 20205, 3.65,64.94805793,15.62770031, 0.981
HIP 46733, 3.65,142.88154025,63.06179545, 0.360
HIP 76600, 3.66,234.66410153,-29.77768935,-0.177
HIP 75695, 3.66,231.95771631,29.10549164, 0.319
HIP 103227, 3.67,313.70241509,-58.4540947, 1.250
HIP 68756, 3.67,211.09760837,64.37580873,-0.049
HIP 42828, 3.68,130.89811451,-33.18641133,-0.18
HIP 114341, 3.68,347.36150879,-21.17248555, 1.202
HIP 22549, 3.68,72.80152507,5.60510146,-0.157
HIP 97365, 3.68,296.84693842,18.53425912, 1.313
HIP 47854, 3.69,146.31178147,-62.50792328, 1.010
HIP 9007, 3.69,28.98680207,-51.60958673, 0.844
HIP 106985, 3.69,325.02225935,-16.66225343, 0.320
HIP 23453, 3.69,75.61950025,41.07588953, 1.154
HIP 57399, 3.69,176.51305887,47.77933701, 1.181
HIP 2920, 3.69,9.24277921,53.89693161,-0.196
HIP 15474, 3.70,49.87904033,-21.7579421, 1.614
HIP 114971, 3.70,349.28955677,3.28224524, 0.916
HIP 87933, 3.70,269.44096106,29.24792527, 0.935
HIP 38414, 3.71,118.05435622,-40.57579889, 1.012
HIP 28103, 3.71,89.10132627,-14.16803805, 0.337
HIP 22797, 3.71,73.5628985,2.44067149,-0.179
HIP 77622, 3.71,237.70371344,4.4775798, 0.147
HIP 98036, 3.71,298.82819233,6.40793334, 0.855
HIP 88771, 3.71,271.8375861,9.56365345, 0.159
HIP 16537, 3.72,53.23509009,-9.45830584, 0.881
HIP 17499, 3.72,56.21884811,24.1134484,-0.105
HIP 104060, 3.72,316.23273251,43.92785122, 1.609
HIP 28358, 3.72,89.88145972,54.28498197, 1.010
HIP 107089, 3.73,325.36863801,-77.38946215, 1.008
HIP 112961, 3.73,343.15360192,-7.57967878, 1.626
HIP 72220, 3.73,221.56246594,1.8929383,-0.005
HIP 16083, 3.73,51.79217049,9.7327724,-0.082
HIP 87585, 3.73,268.38178961,56.87245216, 1.177
HIP 8645, 3.74,27.86504416,-10.33494526, 1.136
HIP 80170, 3.74,245.48018203,19.15302185, 0.299
HIP 104887, 3.74,318.69727757,38.04432043, 0.393
HIP 44511, 3.75,136.03883562,-47.09771376, 1.174
HIP 87108, 3.75,266.97322515,2.70745875, 0.043
HIP 26069, 3.76,83.40631813,-62.48985585, 0.640
HIP 93683, 3.76,286.17055765,-21.74135451, 1.012
HIP 27654, 3.76,87.82980343,-20.87751376, 0.984
HIP 30867, 3.76,97.20447548,-7.03305042,-0.113
HIP 111169, 3.76,337.82239898,50.28244976, 0.031
HIP 95853, 3.76,292.42641389,51.72946747, 0.148
HIP 41312, 3.77,126.43435936,-66.13652042, 1.132
HIP 82363, 3.77,252.44629764,-59.04131648, 1.562
HIP 42570, 3.77,130.15656369,-46.64875492, 0.670
HIP 105881, 3.77,321.66678212,-22.41137838, 1.002
HIP 26549, 3.77,84.68652211,-2.60006791,-0.19
HIP 101958, 3.77,309.90939395,15.9120527,-0.057
HIP 20455, 3.77,65.73344722,17.5425843, 0.983
HIP 109176, 3.77,331.75197729,25.3450461, 0.435
HIP 17529, 3.77,56.29851422,42.57854437, 0.425
HIP 13268, 3.77,42.67413655,55.89552955, 1.690
HIP 34481, 3.78,107.18676883,-70.49919435, 1.006
HIP 53253, 3.78,163.3731926,-58.85326474, 0.945
HIP 102618, 3.78,311.91888574,-9.49568988, 0.000
HIP 71795, 3.78,220.28716819,13.72833113, 0.044
HIP 36046, 3.78,111.43198371,27.79828561, 1.024
HIP 48319, 3.78,147.74871542,59.03910437, 0.291
HIP 55203, 3.79,,, 0.606
HIP 53229, 3.79,163.32766612,34.21556641, 1.040
HIP 14668, 3.79,47.37345463,44.85788896, 0.980
HIP 14879, 3.80,48.01783332,-28.98910623, 0.543
HIP 37229, 3.80,114.70783872,-26.8038924,-0.159
HIP 76276, 3.80,233.7007926,10.53885916, 0.268
HIP 99675, 3.80,303.40792782,46.74132417, 1.270
HIP 94779, 3.80,289.27545794,53.36816064, 0.950
HIP 51232, 3.81,156.96977108,-58.73940856, 0.317
HIP 21393, 3.81,68.88779874,-30.56231049, 0.957
HIP 76952, 3.81,235.68599269,26.29551419, 0.020
HIP 116584, 3.81,354.3904487,46.45917621, 0.984
HIP 80883, 3.82,247.72850509,1.98410056, 0.022
HIP 9487, 3.82,30.51166929,2.76376048, 0.024
HIP 45688, 3.82,139.71111394,36.80289763, 0.066
HIP 86414, 3.82,264.86621847,46.00632216,-0.179
HIP 56211, 3.82,172.85120199,69.33112161, 1.613
HIP 72370, 3.83,221.96552567,-79.04471242, 1.433
HIP 68245, 3.83,209.56785278,-42.10070526,-0.224
HIP 51069, 3.83,156.52293768,-16.83609584, 1.456
HIP 61199, 3.84,188.11712896,-72.1329759,-0.157
HIP 17440, 3.84,56.04814541,-64.80709398, 1.133
HIP 43783, 3.84,133.76192355,-60.64471195,-0.104
HIP 51986, 3.84,159.32606984,-48.22561631, 0.300
HIP 89341, 3.84,273.44086963,-21.05883031, 0.195
HIP 51624, 3.84,158.20281305,9.30659431,-0.148
HIP 20885, 3.84,67.14346805,15.96221721, 0.952
HIP 88794, 3.84,271.88562824,28.76247025,-0.018
HIP 17448, 3.84,56.07969347,32.28827325, 0.022
HIP 97433, 3.84,297.04255658,70.26783533, 0.888
HIP 27321, 3.85,86.82118054,-51.06671329, 0.171
HIP 61622, 3.85,189.42636588,-48.54128816, 0.049
HIP 19747, 3.85,63.5003388,-42.29387294, 1.085
HIP 50191, 3.85,153.68447399,-42.12206281, 0.051
HIP 30277, 3.85,95.52852147,-33.43627251, 0.858
HIP 91117, 3.85,278.80182442,-8.24330819, 1.317
HIP 78072, 3.85,239.11247598,15.66473327, 0.478
HIP 90139, 3.85,275.92402821,21.77034249, 1.168
HIP 61281, 3.85,188.37101041,69.78820992,-0.116
HIP 81065, 3.86,248.36443409,-78.89695917, 0.923
HIP 79664, 3.86,243.85944228,-63.68564897, 1.105
HIP 25859, 3.86,82.8030645,-35.47043592, 1.130
HIP 21594, 3.86,69.54529558,-14.303587, 1.082
HIP 110395, 3.86,335.41374983,-1.38735315,-0.057
HIP 87808, 3.86,269.06324389,37.25052158, 1.350
HIP 4436, 3.86,14.18790699,38.49925513, 0.130
HIP 43023, 3.87,131.50689464,-46.0415392, 0.015
HIP 68282, 3.87,209.6698807,-44.8035314,-0.208
HIP 78104, 3.87,239.22119438,-29.21401221,-0.199
HIP 71957, 3.87,220.76484284,-5.6574291, 0.385
HIP 97804, 3.87,298.11818257,1.00567827, 0.630
HIP 17573, 3.87,56.45663804,24.36785796,-0.063
HIP 74376, 3.88,227.98400434,-48.73770212,-0.029
HIP 765, 3.88,2.35224949,-45.74698836, 1.013
HIP 114421, 3.88,347.58928308,-45.24664747, 0.998
HIP 8832, 3.88,28.38235506,19.29409264,-0.047
HIP 48455, 3.88,148.19149028,26.00708498, 1.222
HIP 33152, 3.89,103.53314518,-24.18422296, 1.740
HIP 13701, 3.89,44.10668245,-8.89760976, 1.088
HIP 60129, 3.89,184.97663096,-0.66674709, 0.026
HIP 45336, 3.89,138.59080529,2.31502422,-0.06
HIP 98110, 3.89,299.07665069,35.08349079, 1.019
HIP 55425, 3.90,170.25184266,-54.49101395,-0.157
HIP 65936, 3.90,202.76111861,-39.40727983, 1.186
HIP 47431, 3.90,144.96389156,-1.14265722, 1.313
HIP 60823, 3.91,187.01004828,-50.2306048,-0.192
HIP 73807, 3.91,226.27960699,-47.05119386,-0.144
HIP 76333, 3.91,233.88141398,-14.78955365, 1.007
HIP 41307, 3.91,126.41529546,-3.90636482,-0.012
HIP 18907, 3.91,60.78907003,5.98930909, 0.032
HIP 79992, 3.91,244.93519958,46.31327084,-0.151
HIP 95168, 3.92,290.41823037,-17.84725155, 0.228
HIP 104987, 3.92,318.95581976,5.2480739, 0.549
HIP 83207, 3.92,255.07252582,30.92633926,-0.018
HIP 37504, 3.93,115.45498347,-72.60613528, 1.033
HIP 54463, 3.93,167.14748181,-58.97504198, 1.225
HIP 7083, 3.93,22.81242306,-49.07307701, 0.972
HIP 2072, 3.93,6.55048418,-43.67990933, 0.175
HIP 78933, 3.93,241.70180197,-20.66913479,-0.046
HIP 21444, 3.93,69.07975243,-3.352448,-0.21
HIP 88192, 3.93,270.16131466,2.93158759, 0.029
HIP 13531, 3.93,43.564427,52.76248991, 0.758
HIP 5348, 3.94,17.0960837,-55.24583235,-0.12
HIP 37677, 3.94,115.95196716,-28.9548352, 0.160
HIP 37447, 3.94,115.31198612,-9.55108315, 1.022
HIP 42911, 3.94,131.17129209,18.15486399, 1.083
HIP 103413, 3.94,314.29338184,41.16719384, 0.027
HIP 31592, 3.95,99.17082883,-19.25570928, 1.037
HIP 9598, 3.95,30.85912643,72.42123962,-0.002
HIP 45101, 3.96,137.81986611,-62.31701587,-0.18
HIP 95241, 3.96,290.65952718,-44.45891013,-0.085
HIP 28328, 3.96,89.78662719,-42.81510761, 1.146
HIP 95347, 3.96,290.97146411,-40.61564629,-0.105
HIP 115438, 3.96,350.7429228,-20.10034505, 1.082
HIP 44248, 3.96,135.16146765,41.78344401, 0.463
HIP 19343, 3.96,62.16530527,47.71259359,-0.025
HIP 99848, 3.96,303.8679927,47.7142053, 1.451
HIP 98495, 3.97,300.14747226,-72.91018443,-0.032
HIP 35228, 3.97,109.20762844,-67.95717248, 0.760
HIP 59449, 3.97,182.9131309,-52.36841559,-0.156
HIP 110997, 3.97,337.31730866,-43.49555433, 1.022
HIP 42515, 3.97,130.02556894,-35.30830091, 0.936
HIP 20535, 3.97,66.00902233,-34.01698632, 1.468
HIP 77634, 3.97,237.7397573,-33.62710488,-0.045
HIP 112440, 3.97,341.63267663,23.56567939, 1.070
HIP 27673, 3.97,87.87246934,39.14847936, 1.132
HIP 18614, 3.98,59.74124892,35.79102701, 0.016
HIP 106481, 3.98,323.49530361,45.59206564, 0.885
HIP 50954, 3.99,156.09891874,-74.03154474, 0.369
HIP 114996, 3.99,349.35755018,-58.23592762, 0.410
HIP 9347, 3.99,30.0009367,-21.07777193, 1.554
HIP 29651, 3.99,93.71390194,-6.27472737, 1.319
HIP 65477, 3.99,201.30589832,54.98799884, 0.169
HIP 44382, 4.00,135.61166181,-66.39584369, 0.145
HIP 79374, 4.00,242.99891879,-19.46064684, 0.076
HIP 55642, 4.00,170.98070334,10.52969772, 0.423
HIP 91792, 4.01,280.75889095,-71.42772867, 1.134
HIP 80000, 4.01,244.96069832,-50.15537923, 1.080
HIP 71865, 4.01,220.49005323,-37.79342394,-0.157
HIP 35037, 4.01,108.70275679,-26.77268601,-0.15
HIP 22109, 4.01,71.37558764,-3.25462465,-0.148
HIP 34088, 4.01,106.02723079,20.57029939, 0.899
HIP 101076, 4.01,307.348879,30.36855661, 0.404
HIP 8068, 4.01,25.9150637,50.6887655,-0.098
HIP 78527, 4.01,240.4737656,58.56443739, 0.528
HIP 43409, 4.02,132.63338051,-27.71005869, 1.272
HIP 59199, 4.02,182.10313607,-24.72877993, 0.334
HIP 93429, 4.02,285.42017236,-5.73901832, 1.079
HIP 93244, 4.02,284.90578844,15.06847757, 1.082
HIP 63003, 4.03,193.64857337,-57.17789116,-0.18
HIP 88601, 4.03,271.36338682,2.50243928, 0.860
HIP 118268, 4.03,359.82750994,6.86359373, 0.419
HIP 101421, 4.03,308.30318657,11.30333217,-0.123
HIP 43103, 4.03,131.67430955,28.76000509, 1.007
HIP 10670, 4.03,34.32848216,33.84732099, 0.019
HIP 23522, 4.03,75.854572,60.44228144, 0.921
HIP 19587, 4.04,62.96638834,-6.8377787, 0.327
HIP 111497, 4.04,338.83887054,-0.11736123,-0.083
HIP 57380, 4.04,176.46487734,6.52981394, 1.501
HIP 70497, 4.04,216.30008064,51.85171354, 0.497
HIP 40702, 4.05,124.6302785,-76.91998251, 0.413
HIP 71536, 4.05,219.47187965,-49.42575765,-0.152
HIP 42884, 4.05,131.09985828,-42.64932331, 0.874
HIP 70090, 4.05,215.13949709,-37.88526711,-0.03
HIP 112716, 4.05,342.39795761,-13.59253756, 1.570
HIP 55434, 4.05,170.28436733,6.02935289,-0.058
HIP 67459, 4.05,207.36957439,15.79780583, 1.520
HIP 14632, 4.05,47.26201363,49.61350009, 0.595
HIP 59929, 4.06,184.39431802,-67.96067161, 1.603
HIP 60009, 4.06,184.609553,-64.00304555,-0.168
HIP 83153, 4.06,254.89602773,-53.16049005, 1.452
HIP 72010, 4.06,220.91451458,-35.17322549, 1.356
HIP 55705, 4.06,171.22076335,-17.68401748, 0.216
HIP 22957, 4.06,74.09300449,13.51457755, 1.158
HIP 36962, 4.06,113.98071783,26.89600343, 1.540
HIP 74824, 4.07,229.3790009,-58.80087882, 0.088
HIP 74117, 4.07,227.21095653,-45.27979406,-0.162
HIP 69701, 4.07,214.00368717,-5.99952622, 0.511
HIP 110991, 4.07,337.29269975,58.4151899, 0.778
HIP 11001, 4.08,35.43759585,-68.6594239, 0.034
HIP 46974, 4.08,143.61109601,-59.22976797,-0.013
HIP 14146, 4.08,45.59830468,-23.62433613, 0.163
HIP 53740, 4.08,164.94478664,-18.29909723, 1.079
HIP 104139, 4.08,316.48658082,-17.23271095,-0.01
HIP 33160, 4.08,103.54783633,-12.03859273, 1.418
HIP 12387, 4.08,39.87061789,0.3285168,-0.212
HIP 105502, 4.08,320.52139118,19.80435581, 1.108
HIP 3693, 4.08,11.83495908,24.26737703, 1.100
HIP 92862, 4.08,283.8336882,43.9458926, 1.397
HIP 26366, 4.09,84.22637775,9.291412, 0.951
HIP 77450, 4.09,237.18503586,18.1417793, 1.616
HIP 90568, 4.10,277.20723319,-49.07003097, 0.995
HIP 38164, 4.10,117.30957923,-46.37322729,-0.16
HIP 94160, 4.10,287.50730185,-39.34070677, 1.163
HIP 7513, 4.10,24.19990413,41.40638491, 0.536
HIP 12777, 4.10,41.04869991,49.22866639, 0.514
HIP 51839, 4.11,158.86757668,-78.60781379, 1.580
HIP 76440, 4.11,234.17994543,-66.31690469, 1.161
HIP 57439, 4.11,176.62853753,-61.17835907, 0.895
HIP 113638, 4.11,345.22030979,-52.75410562, 0.960
HIP 42312, 4.11,129.41100573,-42.98910371, 0.109
HIP 12486, 4.11,40.16638213,-39.85530905, 1.006
HIP 94114, 4.11,287.36782635,-37.90423953, 0.042
HIP 34045, 4.11,105.93955493,-15.63325876,-0.112
HIP 48356, 4.11,147.86951033,-14.84654997, 0.918
HIP 12394, 4.12,39.8967653,-68.2669476,-0.061
HIP 111043, 4.12,337.4393561,-43.74922804, 1.570
HIP 98032, 4.12,298.81532954,-41.8684135, 1.063
HIP 102978, 4.12,312.95540084,-26.91912642, 1.633
HIP 58948, 4.12,181.30279,8.73284563, 0.967
HIP 28614, 4.12,90.59579323,9.64736756, 0.170
HIP 19812, 4.12,63.72440722,48.40937312, 0.935
HIP 112405, 4.13,341.51551393,-81.38161731, 0.208
HIP 102485, 4.13,311.52402547,-25.27051682, 0.426
HIP 77853, 4.13,238.45615438,-16.7296223, 1.003
HIP 25247, 4.13,80.98681839,-7.80795569, 0.943
HIP 116771, 4.13,354.98675133,5.62735374, 0.507
HIP 30883, 4.13,97.24079361,20.2121672,-0.115
HIP 59072, 4.14,181.72022021,-64.61363898, 0.353
HIP 42313, 4.14,129.41419739,5.70379868, 0.003
HIP 16369, 4.14,52.71819576,12.93668186, 1.112
HIP 17608, 4.14,56.58150135,23.94846207,-0.051
HIP 107354, 4.14,326.16126755,25.64500284, 0.425
HIP 78159, 4.14,239.39709121,26.87802632, 1.231
HIP 76127, 4.14,233.23248309,31.35915517,-0.127
HIP 109937, 4.14,333.9923757,37.74873483, 1.447
HIP 34769, 4.15,107.96608486,-0.49278056,-0.005
HIP 85112, 4.15,260.92072033,37.14592396,-0.011
HIP 116805, 4.15,355.10184089,44.33397776,-0.071
HIP 85340, 4.16,261.59257241,-24.17502346, 0.283
HIP 78727, 4.16,,, 0.460
HIP 28734, 4.16,91.0300689,23.26363207, 0.835
HIP 36366, 4.16,112.27754045,31.78407932, 0.320
HIP 17874, 4.17,57.36367035,-36.2001125, 0.927
HIP 110003, 4.17,334.20819329,-7.78323706, 0.979
HIP 2599, 4.17,8.24994391,62.93178781, 0.130
HIP 81304, 4.18,249.09358718,-35.25535553, 1.535
HIP 111954, 4.18,340.16385653,-27.0436148,-0.105
HIP 69427, 4.18,213.22392088,-10.274044, 1.323
HIP 69732, 4.18,214.09656821,46.08791894, 0.087
HIP 109857, 4.18,333.75699582,57.04346522, 0.278
HIP 67457, 4.19,207.36146356,-34.45063035, 1.520
HIP 92043, 4.19,281.4155466,20.54712356, 0.483
HIP 113246, 4.20,343.98705005,-32.53970196, 0.952
HIP 38835, 4.20,119.21482616,-22.88014849, 0.718
HIP 25813, 4.20,82.69603301,5.94821792,-0.143
HIP 112447, 4.20,341.67267295,12.17408381, 0.502
HIP 51233, 4.20,156.97121865,36.70747818, 0.908
HIP 81126, 4.20,248.52578863,42.43689565,-0.013
HIP 105858, 4.21,321.61038385,-65.36814438, 0.494
HIP 20635, 4.21,66.34207825,22.29398098, 0.136
HIP 16228, 4.21,52.26722684,59.94033461, 0.419
HIP 101093, 4.21,307.39511383,62.99413722, 0.199
HIP 82080, 4.21,251.49233961,82.03725071, 0.897
HIP 92609, 4.22,283.05431892,-62.18756062,-0.15
HIP 38518, 4.22,118.32567862,-48.10294824,-0.13
HIP 78918, 4.22,241.64815129,-36.80221297,-0.184
HIP 17651, 4.22,56.71245432,-23.248438, 0.434
HIP 80569, 4.22,246.75599294,-18.45619698, 0.217
HIP 114724, 4.22,348.58055219,-6.0485268, 1.545
HIP 92175, 4.22,281.79365558,-4.74782871, 1.087
HIP 102453, 4.22,311.41566302,30.7196568, 1.051
HIP 92791, 4.22,283.62620294,36.89860518, 1.575
HIP 13254, 4.22,42.64547584,38.31890838, 0.343
HIP 105102, 4.22,319.35396892,39.39469016, 0.098
HIP 89908, 4.22,275.18933831,71.33772734,-0.093
HIP 81852, 4.23,250.7725818,-77.51657182, 1.060
HIP 1599, 4.23,5.00797581,-64.8776232, 0.576
HIP 93825, 4.23,286.60433158,-37.06275714, 0.523
HIP 67153, 4.23,206.42319432,-33.04336606, 0.390
HIP 68520, 4.23,210.41159648,1.54458338, 0.121
HIP 64394, 4.23,197.97051117,27.87603769, 0.572
HIP 37629, 4.23,115.82785545,28.8840717, 1.118
HIP 79101, 4.23,242.19249715,44.93481883,-0.045
HIP 107533, 4.23,326.69835794,49.3095748,-0.12
HIP 107259, 4.23,325.87689561,58.78005308, 2.242
HIP 60000, 4.24,184.58726633,-79.31226899,-0.123
HIP 11407, 4.24,36.74627081,-47.70382692,-0.136
HIP 80911, 4.24,247.84558957,-34.70432087,-0.168
HIP 12770, 4.24,41.03064356,-13.85867594,-0.122
HIP 86565, 4.24,265.35381884,-12.87517268, 0.086
HIP 114855, 4.24,348.97198728,-9.08769554, 1.107
HIP 61317, 4.24,188.43788561,41.35676779, 0.588
HIP 5372, 4.24,17.18399735,86.25711803, 1.213
HIP 5896, 4.25,18.93956391,-68.87623708, 0.480
HIP 62896, 4.25,193.35894159,-40.17881857, 0.224
HIP 23972, 4.25,77.28659571,-8.75407607,-0.187
HIP 21402, 4.25,68.91347315,10.16091706, 0.184
HIP 21476, 4.25,69.17264013,41.26485467, 1.171
HIP 41075, 4.25,125.70887544,43.18837233, 1.550
HIP 19167, 4.25,61.64606374,50.35135022,-0.011
HIP 107418, 4.25,326.36220534,61.12081043, 0.474
HIP 70692, 4.25,216.88134383,75.69593921, 1.431
HIP 19893, 4.26,64.00621426,-51.48709578, 0.312
HIP 15510, 4.26,49.97177014,-43.07154929, 0.711
HIP 86170, 4.26,264.13686148,-38.63486521, 1.075
HIP 16611, 4.26,53.44686638,-21.63281597,-0.106
HIP 8198, 4.26,26.34828629,9.15764102, 0.942
HIP 44066, 4.26,134.62165408,11.85777198, 0.141
HIP 88267, 4.26,270.37667886,21.59568814, 0.406
HIP 5434, 4.26,17.37550908,47.2418241, 0.012
HIP 108917, 4.26,330.94650782,64.62775425, 0.379
HIP 22783, 4.26,73.51254425,66.34266029,-0.008
HIP 64004, 4.27,196.72776268,-49.90621586,-0.182
HIP 74911, 4.27,229.63353586,-47.87519201,-0.086
HIP 95294, 4.27,290.8044192,-44.79964788, 0.350
HIP 115830, 4.27,351.99236589,6.37909727, 1.062
HIP 4906, 4.27,15.73606615,7.89007256, 0.952
HIP 19860, 4.27,63.88352173,8.89240989,-0.054
HIP 12828, 4.27,41.23488901,10.11421979, 0.311
HIP 21589, 4.27,69.53917371,12.51087423, 0.122
HIP 102532, 4.27,311.66465833,16.12477326, 1.042
HIP 21881, 4.27,70.56126452,22.95697545,-0.112
HIP 114131, 4.28,346.71986858,-43.52032436, 0.423
HIP 51172, 4.28,156.78814953,-31.06780228, 1.429
HIP 85423, 4.28,261.8386001,-29.86669942, 0.402
HIP 105515, 4.28,320.56157261,-16.83455521, 0.888
HIP 20711, 4.28,66.57664484,22.81369394, 0.263
HIP 109410, 4.28,332.49688603,33.17826747, 0.471
HIP 99655, 4.28,303.34917142,56.56752223, 0.114
HIP 47193, 4.28,144.27229969,81.32642085, 1.488
HIP 52154, 4.29,159.82671887,-55.60327905, 1.025
HIP 57936, 4.29,178.22733867,-33.90813014,-0.1
HIP 111188, 4.29,337.87620651,-32.34602798, 0.011
HIP 80894, 4.29,247.78497886,-16.61264015, 0.924
HIP 109139, 4.29,331.60918894,-13.86954013,-0.075
HIP 24845, 4.29,79.89385817,-13.17677698,-0.235
HIP 16852, 4.29,54.21882896,0.40283316, 0.575
HIP 116631, 4.29,354.53407969,43.2680761,-0.083
HIP 77055, 4.29,236.01443312,77.79449901, 0.038
HIP 57669, 4.30,177.42120019,-63.78848906,-0.149
HIP 70069, 4.30,215.08146975,-56.38647906, 0.082
HIP 17797, 4.30,57.14926223,-37.62012878,-0.038
HIP 4577, 4.30,14.65144118,-29.35746436,-0.154
HIP 61174, 4.30,188.01868646,-16.19586556, 0.388
HIP 100027, 4.30,304.41190045,-12.50821403, 0.928
HIP 56647, 4.30,174.23720774,-0.82385424, 0.983
HIP 42799, 4.30,130.80619315,3.39866539,-0.192
HIP 11484, 4.30,37.03965786,8.4600887,-0.053
HIP 20648, 4.30,66.37215593,17.92798917, 0.049
HIP 17531, 4.30,56.30200876,24.46737879,-0.11
HIP 53417, 4.30,163.90353339,24.74975451, 0.016
HIP 28404, 4.30,89.98375587,45.93675346, 1.701
HIP 70638, 4.31,216.73225313,-83.66785308, 1.300
HIP 42568, 4.31,130.15431317,-59.76101468,-0.117
HIP 78990, 4.31,241.85125058,-20.8686541, 0.831
HIP 101847, 4.31,309.58447294,-1.10507951, 0.949
HIP 75411, 4.31,231.12306762,37.37696091, 0.309
HIP 58758, 4.32,180.75707974,-63.31294495, 0.280
HIP 72683, 4.32,222.9096805,-43.57529383,-0.154
HIP 67669, 4.32,207.95677175,-32.99401625,-0.146
HIP 21763, 4.32,70.11039135,-19.67125686, 1.599
HIP 43067, 4.32,131.5938644,-13.54770494, 0.900
HIP 84880, 4.32,260.2068148,-12.846882, 0.037
HIP 64241, 4.32,197.49812263,17.52911621, 0.455
HIP 25945, 4.32,83.0531302,18.59424525, 2.060
HIP 46750, 4.32,142.93016816,22.96806545, 1.541
HIP 29696, 4.32,93.84473576,29.49871224, 1.021
HIP 16826, 4.32,54.12233383,48.19270068,-0.058
HIP 88866, 4.33,272.14496186,-63.66804844, 0.228
HIP 62867, 4.33,193.27906907,-48.94325313, 1.344
HIP 70576, 4.33,216.54500648,-45.37926095, 0.434
HIP 84405, 4.33,258.83869698,-26.60004896, 0.855
HIP 36284, 4.33,112.04095607,8.92550376, 1.425
HIP 89826, 4.33,274.96550503,36.06444696, 1.162
HIP 40888, 4.34,125.16203304,-77.4845764, 1.161
HIP 27100, 4.34,86.19341279,-65.7355408, 0.217
HIP 45496, 4.34,139.05042678,-57.54143764, 1.602
HIP 47175, 4.34,144.2069042,-49.3551286, 0.173
HIP 68523, 4.34,210.43121648,-45.60336989, 0.598
HIP 76552, 4.34,234.51384287,-42.56748493, 1.412
HIP 31125, 4.34,97.96403433,-23.41843727,-0.245
HIP 85355, 4.34,261.62866503,4.14034239, 1.480
HIP 107348, 4.34,326.12787716,17.35004352, 1.161
HIP 92161, 4.34,281.75509317,18.18122968, 0.148
HIP 3031, 4.34,9.63958024,29.312369, 0.871
HIP 2912, 4.34,9.22016239,33.71935227,-0.123
HIP 91971, 4.34,281.19306613,37.60505025, 0.192
HIP 111022, 4.34,337.38259473,47.70689488, 1.679
HIP 5542, 4.34,17.77471116,55.14994765, 0.170
HIP 39794, 4.35,121.98266997,-68.61713647,-0.113
HIP 90098, 4.35,275.80675239,-61.49390506, 1.462
HIP 31407, 4.35,98.74411397,-52.97563454,-0.021
HIP 107380, 4.35,326.2366159,-33.02555306,-0.053
HIP 74857, 4.35,229.45768699,-30.14866233, 1.100
HIP 43234, 4.35,132.10825351,5.83788486,-0.044
HIP 22509, 4.35,72.65300943,8.90025258, 0.010
HIP 14838, 4.35,47.90695691,19.72669777, 1.033
HIP 60742, 4.35,186.73469831,28.26861975, 1.128
HIP 94713, 4.35,289.09206426,38.13372778, 1.258
HIP 33449, 4.35,104.31916052,58.42305973, 0.850
HIP 85822, 4.35,263.05373826,86.58632924, 0.021
HIP 2484, 4.36,7.88566992,-62.95808549,-0.064
HIP 3405, 4.36,10.83851683,-57.46309763, 0.024
HIP 68862, 4.36,211.5116084,-41.17958035,-0.198
HIP 28199, 4.36,89.38421613,-35.28330688,-0.165
HIP 33347, 4.36,104.03427636,-17.05424675,-0.063
HIP 24327, 4.36,78.30785422,-12.94128833,-0.094
HIP 22701, 4.36,73.2236682,-5.45275591, 0.257
HIP 39863, 4.36,122.14857362,-2.98377649, 0.970
HIP 96468, 4.36,294.18031892,-1.28655047,-0.079
HIP 10324, 4.36,33.25004577,8.8467523, 0.878
HIP 19038, 4.36,61.17357446,22.0820679, 1.064
HIP 16335, 4.36,52.64367585,47.99517199, 1.367
HIP 53773, 4.37,165.03852431,-42.22586959, 0.116
HIP 98412, 4.37,299.93405965,-35.27624433,-0.15
HIP 29807, 4.37,94.13806399,-35.14073157, 0.978
HIP 35415, 4.37,109.67703283,-24.95438447,-0.132
HIP 154, 4.37,0.48996506,-6.01397169, 1.631
HIP 88886, 4.37,272.1895526,20.81457203,-0.164
HIP 116231, 4.38,353.2424506,-37.81835895,-0.095
HIP 115669, 4.38,351.51173897,-20.64186122, 1.460
HIP 64238, 4.38,197.48755015,-5.53892987,-0.008
HIP 99255, 4.38,302.22215174,77.71136178,-0.046
HIP 105319, 4.39,319.96618253,-53.44926434, 0.191
HIP 8837, 4.39,28.41174872,-46.30244631, 1.597
HIP 84893, 4.39,260.25087615,-21.11243499, 0.394
HIP 73620, 4.39,225.7252916,2.09127129, 1.026
HIP 39311, 4.39,120.56647202,2.33431429, 1.252
HIP 30419, 4.39,95.94207368,4.59283881, 0.215
HIP 26176, 4.39,83.70515764,9.48958528,-0.157
HIP 49637, 4.39,151.9763285,9.99766389, 1.448
HIP 82673, 4.39,253.50209743,10.16544339,-0.088
HIP 96837, 4.39,295.26222378,17.47612356, 1.041
HIP 96757, 4.39,295.02409394,18.01393839, 0.777
HIP 27913, 4.39,88.59618305,20.27641498, 0.594
HIP 17884, 4.39,57.38035594,65.52600645, 1.870
HIP 93015, 4.40,284.23766942,-67.23353511, 0.530
HIP 108431, 4.40,329.47929577,-54.9925666, 0.297
HIP 38070, 4.40,117.02156206,-25.93718054,-0.07
HIP 39906, 4.40,122.2568477,-19.24500094,-0.16
HIP 4463, 4.40,14.30178237,23.41775997, 0.940
HIP 32761, 4.41,102.46381712,-53.62249221, 0.899
HIP 70300, 4.41,215.75940538,-39.51176599,-0.185
HIP 115102, 4.41,349.70594501,-32.53183574, 1.109
HIP 115033, 4.41,349.47584844,-9.1824899,-0.144
HIP 85693, 4.41,262.68457505,26.1106045, 1.434
HIP 87998, 4.41,269.62562385,30.18926892, 0.380
HIP 34693, 4.41,107.78496505,30.24528065, 1.261
HIP 105138, 4.41,319.47944955,34.8968812,-0.103
HIP 114222, 4.41,346.97432546,75.3875815, 0.802
HIP 34922, 4.42,108.38429537,-44.64052957, 1.331
HIP 40326, 4.42,123.51202967,-40.34773028, 1.170
HIP 72571, 4.42,222.5727779,-27.96021925, 1.366
HIP 34981, 4.42,108.56340179,-26.35251617,-0.17
HIP 31700, 4.42,99.47260802,-18.23745713, 1.137
HIP 88290, 4.42,270.43828967,1.30510936, 0.046
HIP 77257, 4.42,236.61144121,7.35323973, 0.604
HIP 29038, 4.42,91.89300774,14.76852318,-0.164
HIP 53954, 4.42,165.58242155,20.17974575, 0.053
HIP 115623, 4.42,351.3444225,23.40401243, 0.617
HIP 110538, 4.42,335.89015172,52.22949951, 1.015
HIP 98688, 4.43,300.66441367,-27.70987972, 1.640
HIP 17593, 4.43,56.53542672,-12.1017353, 1.604
HIP 19849, 4.43,63.8234923,-7.64455846, 0.820
HIP 102624, 4.43,311.93432462,-5.02760303, 1.639
HIP 102281, 4.43,310.86477381,15.07468224, 0.302
HIP 100587, 4.43,305.96498335,32.19018607, 1.331
HIP 94481, 4.43,288.43953645,39.14596968,-0.15
HIP 23040, 4.43,74.32175175,53.75208289,-0.017
HIP 19921, 4.44,64.12118133,-59.30174841, 1.078
HIP 71121, 4.44,218.15451447,-50.45712132,-0.177
HIP 21770, 4.44,70.14092957,-41.86357034, 0.342
HIP 40091, 4.44,122.83958436,-39.61855304, 1.590
HIP 40706, 4.44,124.6391383,-36.65953286, 0.222
HIP 36795, 4.44,113.51335813,-22.29618077, 0.521
HIP 1170, 4.44,3.66013628,-18.93268628, 1.640
HIP 3786, 4.44,12.17039736,7.58520186, 1.500
HIP 95771, 4.44,292.17671261,24.66516482, 1.502
HIP 30060, 4.44,94.90579498,59.01090518, 0.032
HIP 52633, 4.45,161.44639899,-80.54020283,-0.188
HIP 51849, 4.45,158.89714422,-57.55763551, 1.604
HIP 44191, 4.45,135.02266724,-41.25373789, 0.646
HIP 13147, 4.45,42.27233113,-32.40628403, 0.981
HIP 80975, 4.45,248.03411079,-21.46647783, 0.130
HIP 24244, 4.45,78.07453075,-11.86914287,-0.099
HIP 55084, 4.45,169.16568371,-3.65151412, 0.210
HIP 42402, 4.45,129.68936993,3.34147477, 1.216
HIP 7884, 4.45,25.35794814,5.48760445, 1.347
HIP 96229, 4.45,293.52178228,7.37931918, 1.176
HIP 29426, 4.45,92.98498656,14.20881425,-0.18
HIP 94648, 4.45,288.8887238,73.35521457, 1.257
HIP 59173, 4.46,182.02190127,-50.66125439,-0.163
HIP 80582, 4.46,246.79603256,-47.5547359,-0.07
HIP 112948, 4.46,343.13149128,-32.87545019,-0.037
HIP 54682, 4.46,167.91452617,-22.82560642, 0.025
HIP 18255, 4.46,58.57286091,-2.95473348, 0.672
HIP 24331, 4.46,78.32283171,2.86125346, 1.166
HIP 44901, 4.46,137.21827365,51.60472728, 0.288
HIP 11569, 4.46,37.26661741,67.40238385, 0.153
HIP 44599, 4.47,136.28679299,-72.60269387, 0.607
HIP 38957, 4.47,119.56018303,-49.24492865,-0.18
HIP 57803, 4.47,177.78646511,-45.1734495, 1.283
HIP 109111, 4.47,331.52876518,-39.54304903, 1.349
HIP 30788, 4.47,97.04257272,-32.58012947,-0.169
HIP 12843, 4.47,41.27492276,-18.57265077, 0.481
HIP 73165, 4.47,224.29606996,-4.34608634, 0.318
HIP 23123, 4.47,74.63709525,1.71403506, 1.369
HIP 31216, 4.47,98.22595658,7.33297921, 0.023
HIP 104858, 4.47,318.61995883,10.00771855, 0.529
HIP 46146, 4.47,141.16366395,26.18244091, 1.222
HIP 15549, 4.47,50.08485949,29.04849835, 1.555
HIP 71284, 4.47,218.66954381,29.74480735, 0.364
HIP 47006, 4.47,143.70622878,52.05156754, 0.027
HIP 18744, 4.48,60.2241876,-62.15936923, 1.500
HIP 75323, 4.48,230.84440733,-59.32069839, 0.169
HIP 114119, 4.48,346.67003033,-23.7431168, 0.892
HIP 80343, 4.48,246.02582204,-20.03721137, 0.996
HIP 49641, 4.48,151.98456489,-0.37162786,-0.032
HIP 32578, 4.48,101.96523679,2.41218914, 1.099
HIP 113889, 4.48,345.9691938,3.82006998,-0.115
HIP 20713, 4.48,66.58613217,15.6183462, 0.262
HIP 3504, 4.48,11.18125882,48.28438262,-0.069
HIP 118322, 4.49,359.97879195,-65.57707774,-0.075
HIP 34834, 4.49,108.14058722,-46.75956448, 0.324
HIP 38455, 4.49,118.16105542,-38.86282206,-0.188
HIP 21248, 4.49,68.3776229,-29.76583186, 0.972
HIP 104234, 4.49,316.78202266,-25.00574796, 1.604
HIP 116971, 4.49,355.68035357,-14.54474243,-0.032
HIP 116928, 4.49,355.51200741,1.7804172, 0.200
HIP 32249, 4.49,100.99705857,13.22814319, 1.167
HIP 71762, 4.49,220.18150404,16.4183013,-0.002
HIP 107310, 4.49,326.03501874,28.74322228, 0.512
HIP 49593, 4.49,151.85718812,35.24469176, 0.190
HIP 96441, 4.49,294.11059344,50.22046347, 0.395
HIP 9480, 4.49,30.48979079,70.90704605, 0.164
HIP 43105, 4.50,131.67733004,-56.76979718,-0.169
HIP 27530, 4.50,87.45656999,-56.1664886, 1.075
HIP 50676, 4.50,155.22839581,-56.04322401,-0.102
HIP 109285, 4.50,332.0956383,-32.98839827, 0.054
HIP 106039, 4.50,322.18048346,-21.80716659, 0.889
HIP 104459, 4.50,317.39830336,-11.37165474, 0.926
HIP 26594, 4.50,84.79644123,4.12146667,-0.098
HIP 67275, 4.50,206.81681937,17.45677436, 0.508
HIP 57565, 4.50,176.9967765,20.21894121, 0.547
HIP 99874, 4.50,303.94232258,27.8142285, 1.258
HIP 109754, 4.50,333.46958944,39.71488928, 1.385
HIP 111944, 4.50,340.12825981,44.27628068, 1.318
HIP 110838, 4.51,336.83280453,-64.96637927,-0.029
HIP 47391, 4.51,144.83767061,-61.32810523,-0.07
HIP 102333, 4.51,311.00911122,-51.92084051, 0.278
HIP 46515, 4.51,142.31140615,-35.9513478, 1.408
HIP 106723, 4.51,324.27009487,-19.46601352,-0.18
HIP 76852, 4.51,235.38788463,19.67050566, 0.062
HIP 5586, 4.51,17.91494471,30.08972962, 1.092
HIP 1473, 4.51,4.58210555,36.7853273, 0.054
HIP 27483, 4.51,87.29358126,39.18113322, 0.949
HIP 117863, 4.51,358.59598888,57.49939052, 1.190
HIP 98702, 4.51,300.7043634,67.87344872, 1.313
HIP 65387, 4.52,201.00184737,-64.53561699, 0.822
HIP 65271, 4.52,200.65824899,-60.98835608,-0.141
HIP 89112, 4.52,272.80740093,-45.95432704, 1.009
HIP 95176, 4.52,290.43175842,-15.95500233, 0.079
HIP 69974, 4.52,214.77750771,-13.37116634, 0.128
HIP 106140, 4.52,322.48699859,23.63882922, 1.618
HIP 73745, 4.52,226.11190457,26.94765981, 1.240
HIP 13061, 4.52,41.97683942,29.24742385, 1.112
HIP 111104, 4.52,337.62192333,43.12338985,-0.086
HIP 102431, 4.52,311.33831928,57.58029799, 0.535
HIP 2487, 4.53,7.88898014,-62.96544985, 0.147
HIP 37096, 4.53,114.34216663,-34.96857044,-0.081
HIP 87072, 4.53,266.89011276,-27.83076255, 0.600
HIP 85365, 4.53,261.65806271,-5.08649188, 0.385
HIP 28413, 4.53,90.01393918,-3.07407681, 1.202
HIP 102589, 4.53,311.85219564,36.49073658,-0.083
HIP 3881, 4.53,12.45345723,41.07895474,-0.136
HIP 114570, 4.53,348.13717883,49.40597489, 0.302
HIP 69483, 4.53,213.37062458,51.78999066, 0.233
HIP 75304, 4.54,230.78901374,-36.85843627,-0.155
HIP 98162, 4.54,299.23677038,-27.1698625, 1.462
HIP 31416, 4.54,98.76408302,-22.96483318,-0.035
HIP 74392, 4.54,228.05546736,-19.79163143,-0.071
HIP 46776, 4.54,142.99556148,-1.18465438, 0.109
HIP 114144, 4.54,346.75106602,9.40952259, 1.559
HIP 115919, 4.54,352.28858456,12.76049243, 0.939
HIP 72659, 4.54,222.84701756,19.10063329, 0.720
HIP 24727, 4.54,79.54395049,33.37200411, 1.252
HIP 46952, 4.54,143.5557374,36.39761338, 0.914
HIP 46977, 4.54,143.62069943,69.83015419, 0.781
HIP 76371, 4.55,233.97193752,-44.95833688,-0.175
HIP 23595, 4.55,76.10129897,-35.48287057, 1.177
HIP 88839, 4.55,272.02067917,-28.45701627, 0.938
HIP 80079, 4.55,245.15909758,-24.16928427, 0.758
HIP 301, 4.55,0.93488487,-17.33597002,-0.047
HIP 36425, 4.55,112.44909205,12.00661101, 1.276
HIP 110351, 4.55,335.25636792,46.53656484,-0.1
HIP 110609, 4.55,336.1291488,49.47640074, 0.092
HIP 48402, 4.55,148.02650069,54.06428574, 0.038
HIP 16281, 4.55,52.47810837,58.87875244, 0.489
HIP 107119, 4.55,325.47948373,71.31118695, 1.108
HIP 33694, 4.55,105.0160332,76.97744152, 1.365
HIP 18597, 4.56,59.68640623,-61.40015059, 1.590
HIP 86092, 4.56,263.91504719,-46.50559076,-0.02
HIP 70574, 4.56,216.53431272,-45.22138996,-0.147
HIP 54951, 4.56,168.80101292,23.09552528, 1.657
HIP 103004, 4.56,313.0321898,27.09712771, 0.835
HIP 27830, 4.56,88.33184814,27.61228536,-0.008
HIP 13328, 4.56,42.87846216,35.05989415, 1.554
HIP 44700, 4.56,136.63245022,38.45225024, 1.037
HIP 104194, 4.56,316.65036722,47.64840597, 1.569
HIP 94005, 4.57,287.08722077,-40.4966376, 1.070
HIP 16870, 4.57,54.2736588,-40.27451075, 1.023
HIP 80473, 4.57,246.39633811,-23.44711764, 0.227
HIP 80463, 4.57,246.35387324,14.03341514, 0.002
HIP 92818, 4.57,283.68700483,22.64507357, 0.782
HIP 97886, 4.57,298.36533677,24.07952568,-0.047
HIP 86614, 4.57,265.4846127,72.14949916, 0.434
HIP 52468, 4.58,160.88461543,-60.56662705, 1.700
HIP 64425, 4.58,198.07345539,-59.92053651,-0.073
HIP 48374, 4.58,147.91953494,-46.54764424, 1.172
HIP 79404, 4.58,243.07588221,-27.92631564,-0.172
HIP 86284, 4.58,264.46133236,-8.11872126, 0.132
HIP 26237, 4.58,83.84650694,-4.83834045,-0.183
HIP 115250, 4.58,350.1592632,23.7403592, 0.180
HIP 67627, 4.58,207.85807331,64.72328281, 1.572
HIP 54751, 4.59,168.15008453,-60.3176307, 0.541
HIP 50555, 4.59,154.90318833,-55.02931452, 1.600
