date,npatients,ndeaths,Cases Total(Ave7),Cases Day,Cases Day(Ave7),Deaths Total(Ave7),Deaths Day,Deaths Day(Ave7),Td7,R0,K,CFR
2020-03-18,31,0.0,,,,,,,,,,
2020-03-19,34,0.0,,3.0,,,0.0,,,,,
2020-03-20,39,0.0,,5.0,,,0.0,,,,,
2020-03-21,40,0.0,,1.0,,,0.0,,,,,
2020-03-22,42,0.0,,2.0,,,0.0,,,,,
2020-03-23,45,0.0,,3.0,,,0.0,,,,,
2020-03-24,46,0.0,,1.0,,,0.0,,,,,
2020-03-25,51,0.0,39.57142857142857,5.0,,0.0,0.0,,,,,0.0
2020-03-26,54,0.0,42.42857142857142,3.0,2.8571428571428568,0.0,0.0,0.0,,,,0.0
2020-03-27,60,0.0,45.285714285714285,6.0,2.8571428571428568,0.0,0.0,0.0,,,,0.0
2020-03-28,126,1.0,48.285714285714285,66.0,3.0,0.0,1.0,0.0,,,,0.0
2020-03-29,160,1.0,60.57142857142857,34.0,12.285714285714285,0.14285714285714285,0.0,0.14285714285714285,,,,0.0023584905660377358
2020-03-30,160,1.0,77.42857142857142,0.0,16.857142857142858,0.2857142857142857,0.0,0.14285714285714285,,,,0.003690036900369004
2020-03-31,164,1.0,93.85714285714286,4.0,16.428571428571427,0.42857142857142855,0.0,0.14285714285714285,,,,0.0045662100456621
2020-04-01,175,1.0,110.71428571428571,11.0,16.857142857142858,0.5714285714285714,0.0,0.14285714285714285,5.617944188913461,,0.578386605783866,0.005161290322580645
2020-04-02,181,1.0,128.42857142857144,6.0,17.71428571428572,0.7142857142857142,0.0,0.14285714285714285,5.0587780163497955,(3.553109401237358+0j),0.6167741935483871,0.005561735261401556
2020-04-03,192,1.0,146.57142857142856,11.0,18.142857142857142,0.857142857142857,0.0,0.14285714285714285,4.65475584351268,(3.6812394197508365+0j),0.6473859844271413,0.005847953216374269
2020-04-04,219,1.0,165.42857142857142,27.0,18.857142857142858,0.9999999999999998,0.0,0.14285714285714285,4.369713795201506,(3.616384424977981+0j),0.6705653021442495,0.006044905008635578
2020-04-05,238,1.0,178.7142857142857,19.0,13.285714285714285,0.9999999999999998,0.0,0.0,4.829254519744016,(1.3580352944341478+0j),0.6338514680483592,0.005595523581135091
2020-04-06,253,1.0,189.85714285714286,15.0,11.14285714285714,0.9999999999999998,0.0,0.0,5.800862844944083,(0.8436135165182219+0j),0.5667466027178257,0.0052671181339352885
2020-04-07,284,1.0,203.14285714285714,31.0,13.285714285714283,0.9999999999999998,0.0,0.0,6.887216126740338,(0.7578253276597935+0j),0.5056433408577878,0.004922644163150491
2020-04-08,317,1.0,220.28571428571428,33.0,17.142857142857142,0.9999999999999998,0.0,0.0,7.994031889145892,(0.8436135165182218+0j),0.45499296765119557,0.004539559014267185
2020-04-09,342,1.0,240.57142857142856,25.0,20.285714285714285,0.9999999999999998,0.0,0.0,8.992693180363947,(0.9768508478359034+0j),0.4169909208819713,0.004156769596199524
2020-04-10,375,2.0,263.5714285714285,33.0,23.0,0.9999999999999998,1.0,0.0,9.79210785049706,(1.0830085216316157+0j),0.3907363420427554,0.003794037940379404
2020-04-11,411,4.0,289.7142857142857,36.0,26.142857142857146,1.1428571428571428,2.0,0.14285714285714285,10.416890459939951,(1.152414016955741+0j),0.3723577235772356,0.003944773175542406
2020-04-12,455,4.0,317.14285714285717,44.0,27.428571428571427,1.5714285714285712,0.0,0.42857142857142855,10.04338941021813,(1.6217251194561073+0j),0.38313609467455634,0.004954954954954954
2020-04-13,474,4.0,348.14285714285717,19.0,30.999999999999996,1.9999999999999998,0.0,0.42857142857142855,9.456666267441383,(1.9029759702891331+0j),0.40135135135135136,0.005744768157570783
2020-04-14,490,5.0,379.7142857142857,16.0,31.57142857142857,2.4285714285714284,1.0,0.42857142857142855,9.006866996318115,(1.8316418628294775+0j),0.4164956914238819,0.006395786305492851
2020-04-15,525,5.0,409.14285714285717,35.0,29.428571428571427,3.0,0.0,0.5714285714285714,8.911086384011421,(1.5468081380503187+0j),0.4198645598194132,0.007332402234636871
2020-04-16,539,6.0,438.85714285714283,14.0,29.71428571428571,3.571428571428571,1.0,0.5714285714285714,9.136719007639183,(1.3044080875678927+0j),0.41201117318435765,0.008138020833333334
2020-04-17,609,6.0,467.0,70.0,28.142857142857142,4.285714285714285,0.0,0.7142857142857142,9.516592453772441,(1.2007575549102842+0j),0.3994140625000001,0.009177118384827163
2020-04-18,643,7.0,500.42857142857144,34.0,33.42857142857143,4.857142857142857,1.0,0.5714285714285714,10.162723720873911,(1.054066363231372+0j),0.3796267971856837,0.009705966314587495
2020-04-19,661,8.0,533.5714285714286,18.0,33.14285714285714,5.285714285714286,1.0,0.42857142857142855,10.637791662764753,(1.1517748522051456+0j),0.36625749357693405,0.009906291834002677
2020-04-20,683,8.0,563.0,22.0,29.42857142857143,5.857142857142856,0.0,0.5714285714285714,11.363599617273882,(1.0489009168485814+0j),0.3475234270414993,0.0104034509007866
2020-04-21,704,11.0,592.8571428571428,21.0,29.857142857142858,6.428571428571427,3.0,0.5714285714285714,12.319158170862027,(0.9510347598776603+0j),0.32555189038315147,0.010843373493975902
2020-04-22,725,11.0,623.4285714285713,21.0,30.571428571428573,7.285714285714285,0.0,0.8571428571428571,13.082159756826142,(1.0103807118642052+0j),0.309879518072289,0.011686526122823098
2020-04-23,749,16.0,651.9999999999999,24.0,28.571428571428573,8.142857142857142,5.0,0.8571428571428571,13.821075518531423,(1.020520520089128+0j),0.2960586617781851,0.012489044697633657
2020-04-24,768,18.0,681.9999999999999,19.0,30.0,9.57142857142857,2.0,1.4285714285714284,14.539429873350969,(1.0108539367634026+0j),0.2837423312883435,0.014034352744030162
2020-04-25,778,19.0,704.7142857142857,10.0,22.71428571428571,11.285714285714285,1.0,1.714285714285714,15.673715226605161,(0.9256163698458717+0j),0.26623376623376604,0.016014595580782484
2020-04-26,786,19.0,723.9999999999999,8.0,19.285714285714285,12.999999999999998,0.0,1.714285714285714,17.44083005169752,(0.7634704676313563+0j),0.24285424690857482,0.017955801104972375
2020-04-27,793,23.0,741.8571428571429,7.0,17.857142857142854,14.57142857142857,4.0,1.5714285714285712,19.291464470717234,(0.7394429578106566+0j),0.22237569060773466,0.01964182553437319
2020-04-28,801,23.0,757.5714285714284,8.0,15.714285714285714,16.71428571428571,0.0,2.1428571428571423,21.641214760872344,(0.6927005288630447+0j),0.2008472944348162,0.022062983217046955
2020-04-29,806,23.0,771.4285714285714,5.0,13.857142857142856,18.428571428571427,0.0,1.7142857142857142,24.897064260011796,(0.6216649262563549+0j),0.1770695832547614,0.023888888888888887
2020-04-30,810,24.0,783.0,4.0,11.57142857142857,20.14285714285714,1.0,1.7142857142857142,28.846873157655228,(0.5963892591386999+0j),0.15481481481481496,0.02572523262178434
2020-05-01,816,25.0,791.7142857142856,6.0,8.714285714285712,21.28571428571428,1.0,1.1428571428571428,35.13340712130477,(0.5063788023110752+0j),0.12899106002554295,0.026885600866113316
2020-05-02,823,25.0,798.5714285714284,7.0,6.857142857142856,22.285714285714285,0.0,0.9999999999999998,41.68119963890273,(0.5044394913104677+0j),0.10988812702995299,0.02790697674418605
2020-05-03,828,26.0,804.9999999999999,5.0,6.428571428571428,23.14285714285714,1.0,0.857142857142857,49.493834127490345,(0.4777708189817597+0j),0.09338103756708405,0.028748890860692104
2020-05-04,834,26.0,811.0,6.0,5.999999999999999,24.142857142857146,0.0,0.9999999999999998,59.398857273546966,(0.4820290528651165+0j),0.07843833185448079,0.02976924431918267
2020-05-05,835,27.0,816.8571428571429,1.0,5.857142857142857,24.571428571428573,1.0,0.42857142857142855,71.19609935743547,(0.5027199805992402+0j),0.06587986612647545,0.03008044770898916
2020-05-06,837,28.0,821.7142857142856,2.0,4.857142857142857,25.142857142857142,1.0,0.5714285714285714,84.7958469858024,(0.5405872541138438+0j),0.05561385099685201,0.0305980528511822
2020-05-07,842,33.0,826.142857142857,5.0,4.428571428571428,25.857142857142858,5.0,0.7142857142857142,100.53926231105548,(0.5379103829256541+0j),0.047114047287899696,0.0312986339270275
2020-05-08,876,38.0,830.7142857142858,34.0,4.571428571428571,27.142857142857142,5.0,1.2857142857142856,113.98536739817915,(0.6166273112519707+0j),0.04167387169289294,0.03267411865864144
2020-05-09,879,39.0,839.2857142857142,3.0,8.57142857142857,28.999999999999996,1.0,1.857142857142857,122.95605618189285,(0.7485495079957006+0j),0.03869303525365453,0.0345531914893617
2020-05-10,880,40.0,847.2857142857141,1.0,7.999999999999999,31.0,1.0,1.9999999999999998,116.33077845035733,(1.2281232542619904+0j),0.040851063829787315,0.036587422019895476
2020-05-11,883,40.0,854.7142857142857,3.0,7.428571428571429,33.0,0.0,1.9999999999999996,110.8531046003047,(1.2281232542619904+0j),0.042825830382734575,0.03860939328096273
2020-05-12,885,40.0,861.7142857142856,2.0,7.000000000000001,35.0,0.0,1.9999999999999996,107.1016945346271,(1.1850268891867828+0j),0.04429216112318224,0.04061671087533157
2020-05-13,888,40.0,868.8571428571428,3.0,7.142857142857143,36.85714285714286,0.0,1.8571428571428568,102.0813619283816,(1.298283094905668+0j),0.04641909814323608,0.04242025649457416
2020-05-14,888,40.0,876.1428571428572,0.0,7.2857142857142865,38.57142857142857,0.0,1.714285714285714,96.24941567937397,(1.4069920721379716+0j),0.04916146004603761,0.04402413174629055
2020-05-15,890,42.0,882.7142857142858,2.0,6.571428571428572,39.57142857142858,2.0,0.9999999999999998,91.12950681756979,(1.3950374149417426+0j),0.05185064405674222,0.044829260398122676
2020-05-16,898,42.0,884.7142857142858,8.0,2.0,40.142857142857146,0.0,0.5714285714285714,96.17429407266822,(0.8271344881097921+0j),0.04919889949830081,0.04537380913935088
2020-05-17,898,42.0,887.4285714285713,0.0,2.714285714285714,40.57142857142857,0.0,0.42857142857142855,112.24590965499901,(0.37149857228423716+0j),0.04230582916195735,0.04571796522858983
2020-05-18,900,42.0,889.9999999999998,2.0,2.571428571428571,40.857142857142854,0.0,0.2857142857142857,129.1780644238516,(0.48716800182653197+0j),0.03686413393432064,0.04590690208667737
2020-05-19,900,42.0,892.4285714285712,0.0,2.4285714285714284,41.14285714285714,0.0,0.2857142857142857,150.22834286607167,(0.4890354066616284+0j),0.03178170144462278,0.04610212902193053
2020-05-20,901,42.0,894.5714285714284,1.0,2.142857142857143,41.42857142857143,0.0,0.2857142857142857,181.263968248853,(0.46274537158707363+0j),0.026412678085480867,0.04631108272117535
2020-05-21,904,44.0,896.4285714285713,3.0,1.8571428571428568,41.714285714285715,2.0,0.2857142857142857,233.09590574438087,(0.417226804940599+0j),0.02060044714148812,0.04653386454183268
2020-05-22,904,44.0,898.7142857142856,0.0,2.285714285714285,42.285714285714285,0.0,0.5714285714285714,314.71868775293893,(0.4054988786694399+0j),0.015298804780876307,0.04705134318868225
2020-05-23,904,44.0,900.7142857142856,0.0,1.9999999999999998,42.57142857142857,0.0,0.2857142857142857,309.0382732878314,(1.1000763276396708+0j),0.015577809569225609,0.04726407613005552
2020-05-24,904,44.0,901.5714285714284,0.0,0.8571428571428571,42.857142857142854,0.0,0.2857142857142857,326.5147593797929,(0.8040211134167183+0j),0.014750198255352842,0.04753604816986215
2020-05-25,904,44.0,902.4285714285712,0.0,0.8571428571428571,43.14285714285714,0.0,0.2857142857142857,375.6078110772401,(0.45624603554740056+0j),0.012834733005862908,0.04780750356181732
2020-05-26,904,44.0,902.9999999999998,0.0,0.5714285714285714,43.42857142857142,0.0,0.2857142857142857,435.4305532970091,(0.4752588743007994+0j),0.011081209434858352,0.048093656067078
2020-05-27,905,44.0,903.5714285714284,1.0,0.5714285714285714,43.71428571428571,0.0,0.2857142857142857,517.395333740648,(0.3890251384164727+0j),0.00933396614459725,0.0483794466403162
2020-05-28,906,45.0,904.1428571428571,1.0,0.5714285714285714,44.0,1.0,0.2857142857142857,611.352604225672,(0.4308925922041092+0j),0.007905138339920903,0.048664875967767425
2020-05-29,906,45.0,904.4285714285714,0.0,0.2857142857142857,44.142857142857146,0.0,0.14285714285714285,805.6899588324924,(0.37149857228423716+0j),0.006004108073945469,0.04880745537829727
2020-05-30,907,45.0,904.7142857142858,1.0,0.2857142857142857,44.285714285714285,0.0,0.14285714285714285,1179.0416901969681,(0.24909129060994623+0j),0.004106776180698324,0.04894994473393336
2020-05-31,909,45.0,905.1428571428572,2.0,0.42857142857142855,44.42857142857143,0.0,0.14285714285714285,1394.2956533322163,(0.4562460355474005+0j),0.003473867045634238,0.04908459595959596
2020-06-01,909,45.0,905.8571428571429,0.0,0.7142857142857142,44.57142857142857,0.0,0.14285714285714285,1615.597178559644,(0.6095068271022377+0j),0.002998737373737681,0.049203595647374226
2020-06-02,906,45.0,906.5714285714287,-3.0,0.7142857142857142,44.714285714285715,0.0,0.14285714285714285,1535.908902722054,(1.1727931963588538+0j),0.0031540766440627532,0.04932240781594705
2020-06-03,907,45.0,906.8571428571429,1.0,0.28571428571428564,44.857142857142854,0.0,0.14285714285714285,1463.8099805773293,(1.1727931963588538+0j),0.0033091711314215955,0.04946439823566477
2020-06-04,907,45.0,907.1428571428571,0.0,0.2857142857142857,45.0,0.0,0.14285714285714285,1618.6616210253364,(0.6095068271022376+0j),0.0029930686830498265,0.049606299212598425
2020-06-05,904,45.0,907.2857142857143,-3.0,0.14285714285714285,45.0,0.0,0.0,1619.1723614355449,(1+0j),0.0029921259842519143,0.04959848842701937
2020-06-06,904,45.0,907.0,0.0,-0.2857142857142857,45.0,0.0,0.0,1709.5308487257325,(0.6095068271022377+0j),0.0028341993386867825,0.04961411245865491
2020-06-07,907,45.0,906.5714285714284,3.0,-0.42857142857142855,45.0,0.0,0.0,2367.230090393859,(-0.4667129844216917+0.5852395715369929j),0.002047566545912649,0.049637566971320525
2020-06-08,907,45.0,906.2857142857141,0.0,-0.28571428571428564,45.0,0.0,0.0,6155.770477134596,(-0.43287844588723345+0.5428124021716619j),0.0007878978884334753,0.04965321563682221
2020-06-09,910,45.0,905.9999999999999,3.0,-0.28571428571428564,45.0,0.0,0.0,,(-0.324030947690832+0.4063219565795618j),,0.049668874172185434
2020-06-10,912,45.0,906.5714285714284,2.0,0.5714285714285714,45.0,0.0,0.0,,(-0.6234898018587334+0.7818314824680299j),,0.049637566971320525
2020-06-11,915,45.0,907.2857142857142,3.0,0.7142857142857142,45.0,0.0,0.0,,(1.640670712015276+0j),,0.04959848842701937
2020-06-12,918,45.0,908.4285714285712,3.0,1.1428571428571428,45.0,0.0,0.0,,(3.156925177794596+0j),,0.04953609058027993
2020-06-13,919,45.0,910.4285714285712,1.0,2.0,45.0,0.0,0.0,3082.9793933462643,,0.0015725743041355988,0.04942727130080026
2020-06-14,919,45.0,912.5714285714284,0.0,2.142857142857143,45.0,0.0,0.0,1142.8311153205266,,0.004236623254354255,0.049311208515967445
2020-06-15,919,45.0,914.2857142857142,0.0,1.7142857142857142,45.0,0.0,0.0,701.997765792575,,0.006887914840325693,0.049218750000000006
2020-06-16,919,45.0,915.9999999999998,0.0,1.7142857142857142,45.0,0.0,0.0,532.9667467898652,,0.009062500000000084,0.04912663755458516
2020-06-17,920,45.0,917.285714285714,1.0,1.2857142857142856,45.0,0.0,0.0,468.9518930985682,(2.1917998669297094+0j),0.010293200249532064,0.049057779162124296
2020-06-18,922,45.0,918.4285714285712,2.0,1.1428571428571428,45.0,0.0,0.0,442.6393573514093,(1.5217296534183684+0j),0.010901728702694014,0.048996733551096606
2020-06-19,922,45.0,919.4285714285713,0.0,0.9999999999999999,45.0,0.0,0.0,443.1938806413295,(1+0j),0.010888163011354757,0.04894344313238037
2020-06-20,924,45.0,919.9999999999999,2.0,0.5714285714285714,45.0,0.0,0.0,493.24725791166,(0.6095068271022377+0j),0.009788688626476194,0.04891304347826088
2020-06-21,924,45.0,920.7142857142856,0.0,0.7142857142857142,45.0,0.0,0.0,598.4759933271777,(0.3890251384164727+0j),0.008074534161490732,0.04887509697439877
2020-06-22,926,45.0,921.4285714285713,2.0,0.7142857142857142,45.0,0.0,0.0,692.4897085202049,(0.5350822463556911+0j),0.006982156710628296,0.04883720930232559
2020-06-23,929,45.0,922.4285714285713,3.0,0.9999999999999999,45.0,0.0,0.0,821.1398904877497,(0.5350822463556911+0j),0.005891472868217229,0.04878426513860926
2020-06-24,933,45.0,923.8571428571428,4.0,1.4285714285714284,45.0,0.0,0.0,867.8372635310908,(0.8356793384586046+0j),0.005575344587269826,0.04870882944178136
2020-06-25,937,45.0,925.7142857142856,4.0,1.857142857142857,45.0,0.0,0.0,823.3105419048578,(1.1727931963588538+0j),0.0058759857739293375,0.04861111111111112
2020-06-26,941,45.0,927.8571428571429,4.0,2.142857142857143,45.0,0.0,0.0,712.1429597935468,(1.556081594719844+0j),0.006790123456790087,0.04849884526558891
2020-06-27,946,45.0,930.5714285714286,5.0,2.7142857142857144,45.0,0.0,0.0,570.551211158457,(2.5705279717154044+0j),0.008468052347960109,0.048357384095793675
2020-06-28,949,45.0,933.7142857142857,3.0,3.1428571428571423,45.0,0.0,0.0,455.62946370084114,(2.594962824050413+0j),0.010592569849554923,0.048194614443084455
2020-06-29,949,45.0,937.2857142857142,0.0,3.5714285714285707,45.0,0.0,0.0,366.3229294215009,(2.881436509464613+0j),0.013157894736842146,0.04801097393689987
2020-06-30,960,45.0,940.5714285714286,11.0,3.285714285714285,45.0,0.0,0.0,303.6653181909188,(2.4824877863088215+0j),0.01585124218869083,0.04784325637910085
2020-07-01,967,45.0,944.9999999999999,7.0,4.428571428571428,45.0,0.0,0.0,270.607480899877,(1.812913260972015+0j),0.017770352369380404,0.04761904761904762
2020-07-02,978,45.0,949.8571428571428,11.0,4.857142857142857,45.0,0.0,0.0,235.31513074204796,(1.860306612003067+0j),0.020408163265306145,0.04737554519476613
2020-07-03,987,45.0,955.7142857142856,9.0,5.857142857142857,45.0,0.0,0.0,207.0524918014309,(1.7941069440691189+0j),0.023161377650774417,0.047085201793721984
2020-07-04,1003,45.0,962.2857142857141,16.0,6.571428571428571,45.0,0.0,0.0,181.99549207068267,(1.7321800796377809+0j),0.0263079222720477,0.046763657957244666
2020-07-05,1010,45.0,970.4285714285713,7.0,8.142857142857142,45.0,0.0,0.0,160.97817728695756,(1.6935999104289505+0j),0.029691211401425055,0.046371264537023414
2020-07-06,1019,45.0,979.1428571428569,9.0,8.714285714285714,45.0,0.0,0.0,139.6282173099669,(1.80163888978027+0j),0.034152804357426736,0.04595856434199009
2020-07-07,1030,46.0,989.142857142857,11.0,10.0,45.0,1.0,0.0,120.7274218373285,(2.0071177720711146+0j),0.03939305515027702,0.04549393414211439
2020-07-08,1040,46.0,999.142857142857,10.0,9.999999999999998,45.14285714285714,0.0,0.14285714285714285,106.27868960866095,(1.789240906636709+0j),0.04462738301559788,0.04518158421504147
2020-07-09,1062,46.0,1009.5714285714284,22.0,10.428571428571429,45.28571428571428,0.0,0.14285714285714285,95.91613966463278,(1.6749955565244445+0j),0.04932799542464961,0.04485637469930663
2020-07-10,1074,46.0,1021.5714285714284,12.0,11.999999999999998,45.42857142857142,0.0,0.14285714285714285,88.50486416380124,(1.509928668515339+0j),0.05334654025753505,0.04446930499230877
2020-07-11,1088,46.0,1033.9999999999998,14.0,12.428571428571427,45.57142857142856,0.0,0.14285714285714285,81.15672456169762,(1.5374501346058058+0j),0.058033841420780385,0.044072948328267476
2020-07-12,1119,46.0,1046.142857142857,31.0,12.14285714285714,45.71428571428571,0.0,0.14285714285714285,76.4674205682667,(1.3526161522638784+0j),0.06148107211936993,0.04369793800355045
2020-07-13,1137,46.0,1061.7142857142856,18.0,15.57142857142857,45.85714285714285,0.0,0.14285714285714285,73.30717706624183,(1.267420650864105+0j),0.06404479038645383,0.04319160387513455
2020-07-14,1162,46.0,1078.5714285714284,25.0,16.857142857142854,45.99999999999999,0.0,0.14285714285714285,68.5301804408712,(1.372073795156044+0j),0.06835306781485473,0.042649006622516555
2020-07-15,1191,46.0,1097.4285714285716,29.0,18.857142857142854,45.99999999999999,0.0,0.0,63.429440424168064,(1.452073327283814+0j),0.07364238410596025,0.04191616766467065
2020-07-16,1223,46.0,1119.0,32.0,21.57142857142857,45.99999999999999,0.0,0.0,58.147235593371455,(1.526689663016376+0j),0.0800572767508464,0.04110813226094727
2020-07-17,1223,46.0,1142.0,0.0,23.0,45.99999999999999,0.0,0.0,53.264361541046306,(1.5202916173550671+0j),0.08706753478871454,0.04028021015761821
2020-07-18,1276,46.0,1163.2857142857142,53.0,21.285714285714285,45.99999999999999,0.0,0.0,48.83954960907021,(1.5521486176164185+0j),0.09457092819614732,0.03954316590937001
2020-07-19,1300,46.0,1190.142857142857,24.0,26.857142857142854,45.99999999999999,0.0,0.0,45.71410465382776,(1.493205326652302+0j),0.10069998771951372,0.03865082223022446
2020-07-20,1318,46.0,1216.0,18.0,25.857142857142854,45.99999999999999,0.0,0.0,42.491410745638305,(1.4760253704980328+0j),0.10791021486016095,0.037828947368421045
2020-07-21,1333,46.0,1241.8571428571427,15.0,25.857142857142854,45.99999999999999,0.0,0.0,40.45739830608665,(1.357412468161794+0j),0.11301691729323315,0.03704129759576671
2020-07-22,1333,46.0,1266.2857142857142,0.0,24.428571428571427,45.99999999999999,0.0,0.0,39.2437877408481,(1.2529446565702171+0j),0.11630047164385116,0.03632671480144404
2020-07-23,1406,46.0,1286.5714285714282,73.0,20.285714285714285,45.99999999999999,0.0,0.0,39.239224749985986,(1.0929118037795662+0j),0.11631317689530685,0.035753941816566735
2020-07-24,1432,46.0,1312.7142857142858,26.0,26.142857142857142,45.99999999999999,0.0,0.0,40.705033291917076,(0.9142071640486825+0j),0.11236953142349515,0.035041897921427784
2020-07-25,1453,46.0,1342.5714285714284,21.0,29.857142857142858,45.99999999999999,0.0,0.0,40.149709011291215,(1.158138733471376+0j),0.11383175535966927,0.03426260906575867
2020-07-26,1475,46.0,1367.8571428571427,22.0,25.285714285714285,45.99999999999999,0.0,0.0,40.26133289278861,(1.0785713586545742+0j),0.11353479463715677,0.03362924281984334
2020-07-27,1499,46.0,1392.857142857143,24.0,25.0,45.99999999999999,0.0,0.0,41.23120229323666,(0.9841643670361528+0j),0.11101827676240195,0.03302564102564102
2020-07-28,1522,48.0,1418.7142857142856,23.0,25.857142857142854,45.99999999999999,2.0,0.0,42.283789961041656,(0.9762082673322445+0j),0.10841025641025659,0.03242372369348505
2020-07-29,1571,48.0,1445.7142857142856,49.0,26.999999999999996,46.28571428571428,0.0,0.2857142857142857,42.687842292359335,(1.0414305940423827+0j),0.10744134528244886,0.03201581027667984
2020-07-30,1620,48.0,1479.7142857142856,49.0,34.0,46.57142857142856,0.0,0.2857142857142857,41.60453048863544,(1.2265784449414716+0j),0.11007905138339935,0.03147325738559567
2020-07-31,1656,49.0,1510.285714285714,36.0,30.57142857142857,46.85714285714285,1.0,0.2857142857142857,40.51730391115991,(1.2064754154981578+0j),0.1128596254103107,0.0310253499810821
2020-08-01,1656,49.0,1542.2857142857142,0.0,32.0,47.285714285714285,0.0,0.42857142857142855,41.2194704390275,(1.0170303645603147+0j),0.11104805145667795,0.03065950351982216
2020-08-02,1780,49.0,1571.2857142857142,124.0,29.0,47.714285714285715,0.0,0.42857142857142855,40.426793801305266,(1.1831870135224367+0j),0.11309744349759177,0.030366396945176836
2020-08-03,1823,50.0,1614.8571428571427,43.0,43.57142857142857,48.14285714285714,1.0,0.42857142857142855,40.25342643681088,(1.1118377638544252+0j),0.11355577779798154,0.029812455767869783
2020-08-04,1870,50.0,1661.1428571428569,47.0,46.28571428571428,48.71428571428571,0.0,0.5714285714285714,37.468726582115444,(1.4516848074813815+0j),0.12146142958244865,0.02932576539387685
2020-08-05,1920,51.0,1710.8571428571427,50.0,49.714285714285715,49.0,1.0,0.2857142857142857,34.93124020199101,(1.4696106481790507+0j),0.1296869625042999,0.028640614562458252
2020-08-06,1996,51.0,1760.7142857142856,76.0,49.85714285714286,49.42857142857142,0.0,0.42857142857142855,33.42873848695169,(1.311773267919588+0j),0.13510354041416162,0.028073022312373224
2020-08-07,2061,52.0,1814.428571428571,65.0,53.7142857142857,49.857142857142854,1.0,0.42857142857142855,31.625651105911906,(1.4181514381561466+0j),0.1422312373225153,0.027478151326667196
2020-08-08,2114,52.0,1872.285714285714,53.0,57.85714285714285,50.285714285714285,0.0,0.42857142857142855,29.85772258058975,(1.4476757670344793+0j),0.14998818990630647,0.02685792766671754
2020-08-09,2164,54.0,1937.7142857142856,50.0,65.42857142857142,50.714285714285715,2.0,0.42857142857142855,27.683842419575836,(1.637783223245619+0j),0.16076606134594829,0.026172220583898557
2020-08-10,2205,54.0,1992.5714285714282,41.0,54.85714285714285,51.42857142857143,0.0,0.7142857142857142,26.621099589966363,(1.336959690190459+0j),0.16661751695664995,0.0258101519931173
2020-08-11,2224,55.0,2047.1428571428569,19.0,54.57142857142856,52.0,1.0,0.5714285714285714,26.67120914032843,(1.1290272879056358+0j),0.16633209062231147,0.025401256106071184
2020-08-12,2258,55.0,2097.7142857142853,34.0,50.57142857142857,52.71428571428571,0.0,0.7142857142857142,27.038251232412364,(1.0688511475116291+0j),0.16427076064200974,0.025129392536093708
2020-08-13,2304,55.0,2146.0,46.0,48.28571428571427,53.28571428571428,0.0,0.5714285714285714,27.705504566735353,(1.0102125030765778+0j),0.16065104876055558,0.024830248968179997
2020-08-14,2355,56.0,2190.0,51.0,43.99999999999999,53.85714285714285,1.0,0.5714285714285714,28.90951500038311,(0.9267213796382012+0j),0.15450672347224081,0.02459230267449445
2020-08-15,2415,56.0,2232.0,60.0,42.0,54.42857142857142,0.0,0.5714285714285714,30.955609369444637,(0.8223720705136197+0j),0.1450750163078931,0.024385560675883253
2020-08-16,2463,56.0,2275.0,48.0,42.99999999999999,55.0,0.0,0.5714285714285714,34.31689393850488,(0.7285964274723099+0j),0.13184843830005133,0.024175824175824177
2020-08-17,2495,58.0,2317.714285714286,32.0,42.71428571428571,55.285714285714285,2.0,0.2857142857142857,36.60415834163459,(0.8403375402976718+0j),0.12414442700157002,0.02385355029585799
2020-08-18,2532,58.0,2359.142857142857,37.0,41.42857142857142,55.857142857142854,0.0,0.5714285714285714,39.08628595630158,(0.839470790845897+0j),0.11674063116370825,0.023676880222841225
2020-08-19,2578,58.0,2403.142857142857,46.0,43.99999999999999,56.285714285714285,0.0,0.42857142857142855,41.311439732338,(0.867239593206115+0j),0.11081506600460223,0.023421709665913688
2020-08-20,2642,58.0,2448.8571428571427,64.0,45.714285714285715,56.71428571428571,0.0,0.42857142857142855,42.873153621260165,(0.935765769236264+0j),0.1070027345143264,0.023159491307898728
2020-08-21,2695,59.0,2497.1428571428573,53.0,48.28571428571428,57.14285714285714,1.0,0.42857142857142855,43.430313503656336,(1.0276769496167941+0j),0.10570528526426315,0.022883295194508005
2020-08-22,2738,59.0,2545.714285714286,43.0,48.57142857142857,57.57142857142857,0.0,0.42857142857142855,43.22553098913479,(1.1047495558149452+0j),0.1061784897025172,0.022615039281705947
2020-08-23,2774,59.0,2591.857142857142,36.0,46.14285714285714,58.0,0.0,0.42857142857142855,43.15554201669214,(1.0909242274368407+0j),0.106341189674523,0.022377776552940532
2020-08-24,2801,59.0,2636.285714285714,27.0,44.42857142857143,58.42857142857143,0.0,0.42857142857142855,43.40184339700057,(1.0566981640466206+0j),0.1057708207021989,0.022163216646797445
2020-08-25,2834,60.0,2680.0,33.0,43.7142857142857,58.57142857142858,1.0,0.14285714285714285,43.683396071533345,(1.05120501044503+0j),0.1051262598894549,0.021855010660980813
2020-08-26,2877,61.0,2723.142857142857,43.0,43.14285714285714,58.85714285714286,1.0,0.2857142857142857,44.49795860226397,(0.9953574664426069+0j),0.10330490405117276,0.021613681670338898
2020-08-27,2922,61.0,2765.8571428571427,45.0,42.71428571428571,59.28571428571429,0.0,0.42857142857142855,45.702629483717935,(0.9594905219202409+0j),0.10072395341517149,0.021434843241568104
2020-08-28,2961,61.0,2805.857142857143,39.0,40.0,59.714285714285715,0.0,0.42857142857142855,47.474272009927894,(0.9161519102179326+0j),0.0971540726202158,0.02128201211750929
2020-08-29,2994,61.0,2843.8571428571427,33.0,38.0,60.0,0.0,0.2857142857142857,49.86783318001094,(0.8705040498505566+0j),0.09271422025355136,0.02109810619380118
2020-08-30,3033,62.0,2880.428571428571,39.0,36.57142857142857,60.28571428571429,1.0,0.2857142857142857,52.29234997414111,(0.8705040498505566+0j),0.0886120460139651,0.02092942518474434
2020-08-31,3050,62.0,2917.4285714285716,17.0,37.0,60.714285714285715,0.0,0.42857142857142855,54.78305027222906,(0.870218413921514+0j),0.08475921241878681,0.02081089021643326
2020-09-01,3068,63.0,2953.0,18.0,35.57142857142857,61.14285714285714,1.0,0.42857142857142855,57.15949937521119,(0.8877082195175006+0j),0.0813828224463814,0.02070533597794011
2020-09-02,3092,63.0,2986.428571428571,24.0,33.42857142857142,61.57142857142856,0.0,0.42857142857142855,59.875789680876615,(0.8712392480697919+0j),0.07783851773015349,0.020617077254245397
2020-09-03,3125,63.0,3017.142857142857,33.0,30.71428571428571,61.85714285714285,0.0,0.2857142857142857,63.23706564757533,(0.8393835966550738+0j),0.07385792872518537,0.020501893939393938
2020-09-04,3160,63.0,3046.1428571428573,35.0,28.999999999999996,62.14285714285714,0.0,0.2857142857142857,66.83123065670563,(0.828051692112266+0j),0.0700284090909089,0.020400506495333676
2020-09-05,3188,63.0,3074.571428571429,28.0,28.428571428571427,62.42857142857142,0.0,0.2857142857142857,70.611062854584,(0.8244287792535938+0j),0.06640716597101737,0.020304804386209456
2020-09-06,3211,64.0,3102.2857142857147,23.0,27.714285714285715,62.71428571428571,1.0,0.2857142857142857,74.38749219257907,(0.8353462126716781+0j),0.06314468915528315,0.020215509301897215
2020-09-07,3225,64.0,3127.714285714286,14.0,25.428571428571427,63.0,0.0,0.2857142857142857,78.97626228026668,(0.8135018539779405+0j),0.059587400994658424,0.020142504795834473
2020-09-08,3258,64.0,3152.714285714286,33.0,25.0,63.28571428571428,0.0,0.2857142857142857,84.41121112531103,(0.7868136698029529+0j),0.055860052982552366,0.02007340613530291
2020-09-09,3281,65.0,3179.8571428571427,23.0,27.142857142857142,63.428571428571416,1.0,0.14285714285714285,89.54473648490588,(0.8125928446042684+0j),0.052743667588019516,0.01994698773529808
2020-09-10,3309,66.0,3206.857142857143,28.0,27.0,63.7142857142857,1.0,0.2857142857142857,92.37394318838315,(0.9154901419800872+0j),0.0511703131317669,0.019868139700641475
2020-09-11,3339,66.0,3233.1428571428573,30.0,26.285714285714285,64.14285714285714,0.0,0.42857142857142855,94.36953042385886,(0.950238648364841+0j),0.05011582323592301,0.019839165782962177
2020-09-12,3385,67.0,3258.7142857142853,46.0,25.57142857142857,64.57142857142857,1.0,0.42857142857142855,96.48261501474578,(0.945560027730393+0j),0.04904559915164364,0.019815001534347464
2020-09-13,3405,67.0,3286.8571428571427,20.0,28.14285714285714,65.14285714285714,0.0,0.5714285714285714,98.63141216507118,(0.9441405348046332+0j),0.04800315637192554,0.019819193324061197
2020-09-14,3416,67.0,3314.5714285714284,11.0,27.71428571428571,65.57142857142857,0.0,0.42857142857142855,97.76533017548552,(1.0751315052943335+0j),0.04841794158553536,0.01978277734678045
2020-09-15,3446,67.0,3341.8571428571427,30.0,27.285714285714285,66.0,0.0,0.42857142857142855,96.9154428853493,(1.0764009144182998+0j),0.04883199724161702,0.019749497712991067
2020-09-16,3483,67.0,3368.714285714286,37.0,26.857142857142858,66.42857142857143,0.0,0.42857142857142855,97.64520269004836,(1.0037565782375448+0j),0.048476039840978036,0.019719265510368518
2020-09-17,3516,67.0,3397.571428571428,33.0,28.857142857142854,66.71428571428571,0.0,0.2857142857142857,98.53882970935706,(0.9962178474033926+0j),0.04804715660913439,0.019635874364041545
2020-09-18,3556,68.0,3427.142857142857,40.0,29.571428571428573,66.85714285714285,1.0,0.14285714285714285,97.81095311586031,(1.06893804174021+0j),0.04839591304713431,0.019508128386827844
2020-09-19,3602,68.0,3458.142857142857,46.0,31.0,67.14285714285714,0.0,0.2857142857142857,96.28151966799089,(1.1093888484702772+0j),0.04914547728220098,0.019415871442144836
2020-09-20,3637,68.0,3489.142857142857,35.0,31.0,67.28571428571428,0.0,0.14285714285714285,95.5126587207268,(1.0715078636895787+0j),0.04953112735985454,0.01928431051424828
2020-09-21,3651,68.0,3522.2857142857138,14.0,33.14285714285714,67.42857142857143,0.0,0.14285714285714285,94.53030836059023,(1.0833173958639206+0j),0.05003275466754009,0.019143413367942896
2020-09-22,3669,68.0,3555.8571428571427,18.0,33.57142857142857,67.57142857142857,0.0,0.14285714285714285,92.27296056943565,(1.1490124299544975+0j),0.05122485399091492,0.01900285243662368
2020-09-23,3689,68.0,3587.7142857142853,20.0,31.857142857142854,67.71428571428571,0.0,0.14285714285714285,89.74440437361038,(1.1727931963588538+0j),0.052629464465067666,0.018873934857051845
2020-09-24,3715,70.0,3617.142857142857,26.0,29.428571428571427,67.85714285714286,2.0,0.14285714285714285,89.10259771962455,(1.0732009955175308+0j),0.05299832762602541,0.018759873617693525
2020-09-25,3746,70.0,3645.571428571429,31.0,28.428571428571427,68.28571428571428,0.0,0.42857142857142855,89.92315113368302,(0.9965469580264845+0j),0.05252764612954186,0.018731141502409964
2020-09-26,3784,70.0,3672.7142857142862,38.0,27.142857142857142,68.57142857142857,0.0,0.2857142857142857,91.926851985688,(0.940022181837426+0j),0.05141267291038065,0.01867050449259014
2020-09-27,3805,70.0,3698.7142857142853,21.0,25.999999999999996,68.85714285714286,0.0,0.2857142857142857,94.62784187787152,(0.909455248538681+0j),0.049982496402038445,0.01861650766675679
2020-09-28,3822,70.0,3722.7142857142853,17.0,23.999999999999996,69.14285714285714,0.0,0.2857142857142857,99.27399337024366,(0.8408188332887049+0j),0.047699972963578086,0.018573237653018153
2020-09-29,3862,71.0,3747.142857142857,40.0,24.428571428571423,69.42857142857143,1.0,0.2857142857142857,105.80806091939405,(0.7868405407532512+0j),0.044821366898192494,0.018528402592451393
2020-09-30,3896,71.0,3774.714285714286,34.0,27.57142857142857,69.85714285714286,0.0,0.42857142857142855,111.59650756398273,(0.8272496750651996+0j),0.04254670224933288,0.018506604094917306
2020-10-01,3934,71.0,3804.2857142857138,38.0,29.571428571428566,70.28571428571428,0.0,0.42857142857142855,113.78992270902658,(0.9545059385480639+0j),0.04174393520796282,0.018475403680060083
2020-10-02,3968,72.0,3835.5714285714284,34.0,31.285714285714285,70.42857142857142,1.0,0.14285714285714285,113.85699392499559,(1.028552870950066+0j),0.041719864814119156,0.018361950165741738
2020-10-03,4010,72.0,3867.2857142857138,42.0,31.71428571428571,70.7142857142857,0.0,0.2857142857142857,111.8302673653487,(1.106788537685269+0j),0.04245968192483873,0.018285249898415276
2020-10-04,4047,72.0,3899.571428571428,37.0,32.285714285714285,71.0,0.0,0.2857142857142857,108.86894083170417,(1.1524702004819982+0j),0.04358908056591926,0.018207128988533543
2020-10-05,4069,72.0,3934.142857142857,22.0,34.57142857142857,71.28571428571428,0.0,0.2857142857142857,104.53895885120906,(1.2359457206798028+0j),0.04535296919075349,0.01811975743491049
2020-10-06,4110,72.0,3969.428571428571,41.0,35.285714285714285,71.57142857142856,0.0,0.2857142857142857,99.63226375069488,(1.281527823592263+0j),0.04753259014488542,0.01803066292377456
2020-10-07,4154,72.0,4004.857142857142,44.0,35.42857142857142,71.71428571428571,0.0,0.14285714285714285,96.46671756338667,(1.1926920304730488+0j),0.04905348016986966,0.01790682742384248
2020-10-08,4193,72.0,4041.7142857142853,39.0,36.857142857142854,71.85714285714286,0.0,0.14285714285714285,94.43484676935661,(1.137779479337431+0j),0.050082043233216744,0.017778877421179135
2020-10-09,4232,72.0,4078.7142857142853,39.0,37.0,72.0,0.0,0.14285714285714285,92.68354645737394,(1.1241899744973136+0j),0.05100381733352177,0.017652621624461493
2020-10-10,4268,72.0,4116.428571428572,36.0,37.71428571428571,72.0,0.0,0.0,91.15402843329134,(1.116398220200827+0j),0.05183706350040285,0.017490890161374284
2020-10-11,4311,73.0,4153.285714285714,43.0,36.85714285714285,72.0,1.0,0.0,89.65437765217479,(1.117406163766166+0j),0.052680895366996494,0.017335672273243216
2020-10-12,4322,73.0,4191.0,11.0,37.71428571428571,72.14285714285714,0.0,0.14285714285714285,89.50974479114295,(1.0467916334257663+0j),0.052763732672926666,0.017213757371237686
2020-10-13,4346,74.0,4227.142857142857,24.0,36.14285714285714,72.28571428571428,1.0,0.14285714285714285,89.3276598163996,(1.048691718236685+0j),0.0528683914510687,0.017100371747211896
2020-10-14,4377,74.0,4260.857142857143,31.0,33.714285714285715,72.57142857142857,0.0,0.2857142857142857,89.8217944216204,(1.0143597986619923+0j),0.052585332882730706,0.017032119627170925
2020-10-15,4430,75.0,4292.714285714285,53.0,31.857142857142854,72.85714285714286,1.0,0.2857142857142857,91.89204616587622,(0.9383214420517895+0j),0.05143163682692964,0.016972278611601055
2020-10-16,4473,76.0,4326.571428571428,43.0,33.857142857142854,73.28571428571428,1.0,0.42857142857142855,94.88218584575068,(0.8986179112310166+0j),0.049851908549369384,0.016938519447929734
2020-10-17,4505,76.0,4361.0,32.0,34.42857142857143,73.85714285714286,0.0,0.5714285714285714,97.4509230802978,(0.9258310204589759+0j),0.04857029650663669,0.016935827300422576
2020-10-18,4530,76.0,4394.857142857142,25.0,33.857142857142854,74.42857142857143,0.0,0.5714285714285714,99.42352978961416,(0.9524786297747675+0j),0.047629966914534805,0.016935379014432456
2020-10-19,4548,76.0,4426.142857142857,18.0,31.285714285714285,74.85714285714285,0.0,0.42857142857142855,102.15734554086951,(0.9258310204589759+0j),0.0463853855155375,0.01691250040344705
2020-10-20,4588,76.0,4458.428571428571,40.0,32.28571428571428,75.28571428571428,0.0,0.42857142857142855,105.47387310095687,(0.9020510956084538+0j),0.04496013943130106,0.016886154634880964
2020-10-21,4637,76.0,4492.999999999999,49.0,34.57142857142857,75.57142857142857,0.0,0.2857142857142857,107.04735234756888,(0.9695470359250732+0j),0.04431414015187907,0.01681981495024006
2020-10-22,4680,76.0,4530.142857142857,43.0,37.14285714285714,75.85714285714285,0.0,0.2857142857142857,106.40091372559492,(1.060143475653712+0j),0.04457727894184593,0.016744978083314935
2020-10-23,4734,76.0,4565.857142857143,54.0,35.71428571428571,76.0,0.0,0.14285714285714285,105.52924174947476,(1.068395731540861+0j),0.04493708807669261,0.016645286442852226
2020-10-24,4775,76.0,4603.142857142857,41.0,37.285714285714285,76.0,0.0,0.0,105.6975021251126,(1.0265344938420098+0j),0.04486718187791372,0.016510458692818572
2020-10-25,4811,77.0,4641.714285714285,36.0,38.57142857142856,76.0,1.0,0.0,104.78579746491498,(1.0713292745805059+0j),0.045248587921296046,0.016373261110427185
2020-10-26,4836,77.0,4681.857142857143,25.0,40.14285714285714,76.14285714285714,0.0,0.14285714285714285,102.02935461117292,(1.1612951349963971+0j),0.046442201157207874,0.016263387544625148
2020-10-27,4880,78.0,4723.0,44.0,41.14285714285714,76.28571428571428,1.0,0.14285714285714285,99.2265849840882,(1.168341800038372+0j),0.04772221035608604,0.016151961525664678
2020-10-28,4920,78.0,4764.714285714285,40.0,41.71428571428571,76.57142857142856,0.0,0.2857142857142857,97.18918650123304,(1.132357754196785+0j),0.0486978615286896,0.01607051839414745
2020-10-29,4963,78.0,4805.142857142857,43.0,40.42857142857142,76.85714285714285,0.0,0.2857142857142857,96.1100685704477,(1.0864426050213885+0j),0.049230953737295025,0.015994767511000117
2020-10-30,4997,79.0,4845.571428571428,34.0,40.42857142857143,77.14285714285712,1.0,0.2857142857142857,94.98789325193647,(1.092601351710707+0j),0.049797835652277245,0.015920280668651785
2020-10-31,5034,80.0,4883.142857142857,37.0,37.57142857142856,77.57142857142856,1.0,0.42857142857142855,94.53379536151706,(1.0595079857115375+0j),0.05003095610130015,0.01588555380024574
2020-11-01,5058,81.0,4920.142857142856,24.0,37.0,78.14285714285712,1.0,0.5714285714285714,95.69082016137901,(0.981412120810865+0j),0.04944122637645543,0.015882233384628786
2020-11-02,5079,81.0,4955.428571428571,21.0,35.285714285714285,78.71428571428571,0.0,0.5714285714285714,97.73902986362745,(0.9434298279160149+0j),0.048430649516564284,0.015884455719557197
2020-11-03,5119,81.0,4990.142857142857,40.0,34.71428571428571,79.28571428571428,0.0,0.5714285714285714,101.00092035334264,(0.8961079546002922+0j),0.046903828413284,0.01588846583264149
2020-11-04,5149,81.0,5024.285714285714,30.0,34.14285714285714,79.71428571428571,0.0,0.42857142857142855,104.96104155747138,(0.8770346060542376+0j),0.04517477312415907,0.015865794711401763
2020-11-05,5207,81.0,5056.999999999999,58.0,32.71428571428571,80.14285714285714,0.0,0.42857142857142855,108.79839441886523,(0.8862976915847522+0j),0.04361671879442697,0.015847905308059552
2020-11-06,5249,82.0,5091.857142857143,42.0,34.857142857142854,80.57142857142857,1.0,0.42857142857142855,113.60875699550866,(0.8596481793576636+0j),0.041809090652278114,0.015823583873411328
2020-11-07,5310,82.0,5127.857142857143,61.0,36.0,80.99999999999999,0.0,0.42857142857142855,115.92866731479016,(0.947847845030151+0j),0.0409898156720816,0.015796071876305887
2020-11-08,5354,82.0,5167.285714285714,44.0,39.42857142857142,81.28571428571428,0.0,0.2857142857142857,117.33967743927678,(0.9806195670055924+0j),0.04050703440590642,0.015730834093610903
2020-11-09,5386,82.0,5209.571428571428,32.0,42.285714285714285,81.42857142857142,0.0,0.14285714285714285,115.90013764202912,(1.0825232553165094+0j),0.0409996958889719,0.01563057010447802
2020-11-10,5434,83.0,5253.428571428571,48.0,43.857142857142854,81.57142857142857,1.0,0.14285714285714285,112.75123900574869,(1.151340770563267+0j),0.04212027312364608,0.01552727470495459
2020-11-11,5499,83.0,5298.428571428571,65.0,44.99999999999999,81.85714285714286,0.0,0.2857142857142857,108.79570424637491,(1.1958363966104069+0j),0.04361777342687767,0.015449324597589584
2020-11-12,5573,83.0,5348.428571428572,74.0,49.99999999999999,82.14285714285715,0.0,0.2857142857142857,104.03853123565526,(1.2557719131759475+0j),0.04556607080266384,0.015358316194342799
2020-11-13,5633,84.0,5400.714285714285,60.0,52.28571428571428,82.42857142857143,1.0,0.2857142857142857,98.69840747627113,(1.2939366460909492+0j),0.04797136675659075,0.015262531411188997
2020-11-14,5721,84.0,5455.5714285714275,88.0,54.85714285714285,82.71428571428571,0.0,0.2857142857142857,93.59019861394772,(1.3054847938764067+0j),0.05052241766962029,0.015161433920762525
2020-11-15,5781,84.0,5514.285714285714,60.0,58.71428571428571,83.0,0.0,0.2857142857142857,89.37274014886262,(1.2660311382495748+0j),0.05284244154075768,0.015051813471502593
2020-11-16,5858,84.0,5575.285714285715,77.0,60.99999999999999,83.28571428571428,0.0,0.2857142857142857,85.35614396357175,(1.2642166556681178+0j),0.05525906735751285,0.014938375996105258
2020-11-17,5937,84.0,5642.714285714286,79.0,67.42857142857142,83.57142857142857,0.0,0.2857142857142857,81.59796165391853,(1.2657549735270264+0j),0.05772926435544645,0.014810501531684344
2020-11-18,6003,84.0,5714.571428571428,66.0,71.85714285714285,83.71428571428571,0.0,0.14285714285714285,77.07149567982555,(1.3349070664153584+0j),0.06101420289121262,0.014649267536623168
2020-11-19,6109,85.0,5786.5714285714275,106.0,72.0,83.85714285714286,1.0,0.14285714285714285,73.2752328640082,(1.2956865711595464+0j),0.06407179641017946,0.014491680244901993
2020-11-20,6199,86.0,5863.142857142856,90.0,76.57142857142857,84.14285714285714,1.0,0.2857142857142857,70.31037088612058,(1.2567520661375104+0j),0.06668147928701906,0.01435115247794942
2020-11-21,6308,86.0,5943.999999999999,109.0,80.85714285714286,84.42857142857142,0.0,0.2857142857142857,67.34402355557071,(1.2689734820365777+0j),0.06951415623020318,0.014203999230917131
2020-11-22,6388,86.0,6027.857142857142,80.0,83.85714285714286,84.7142857142857,0.0,0.2857142857142857,64.65909681880444,(1.2568040689540085+0j),0.07229378965583533,0.014053797843346367
2020-11-23,6447,86.0,6114.571428571428,59.0,86.71428571428572,85.0,0.0,0.2857142857142857,62.167246427853065,(1.2552250282096076+0j),0.07507998578030561,0.01390121956917901
2020-11-24,6489,86.0,6198.714285714285,42.0,84.14285714285715,85.28571428571428,0.0,0.2857142857142857,60.41665997140469,(1.1968324387980087+0j),0.07716929115461879,0.0137586135373695
2020-11-25,6562,86.0,6277.571428571428,73.0,78.85714285714285,85.57142857142856,0.0,0.2857142857142857,59.66398828595126,(1.119340877321397+0j),0.07810375423474913,0.01363129508681701
2020-11-26,6644,86.0,6357.428571428572,82.0,79.85714285714286,85.85714285714283,0.0,0.2857142857142857,59.575613193101226,(1.0671375123564153+0j),0.07821496028946606,0.013505011010741086
2020-11-27,6751,86.0,6433.857142857142,107.0,76.42857142857142,86.0,0.0,0.14285714285714285,59.94734627224103,(1.0304658043056416+0j),0.07774931463754453,0.013366787308213248
2020-11-28,6864,86.0,6512.714285714285,113.0,78.85714285714286,86.0,0.0,0.0,61.26926087820921,(0.9605648250808961+0j),0.07613739813930775,0.01320493978810678
2020-11-29,6939,86.0,6592.142857142857,75.0,79.42857142857143,86.0,0.0,0.0,62.716309394967716,(0.95703819120724+0j),0.07444778345653558,0.013045833784808756
2020-11-30,7008,87.0,6670.857142857143,69.0,78.71428571428571,86.0,1.0,0.0,64.5184340305706,(0.9392382832851499+0j),0.0724455520641456,0.012891896522186055
2020-12-01,7082,89.0,6751.0,74.0,80.14285714285714,86.14285714285714,2.0,0.14285714285714285,66.09813577748557,(0.953480127237269+0j),0.0707769402090116,0.012760014389402628
2020-12-02,7158,90.0,6835.714285714285,76.0,84.71428571428571,86.57142857142856,1.0,0.42857142857142855,66.7336037672031,(1.0116190248389618+0j),0.07012717692616965,0.012664576802507835
2020-12-03,7239,90.0,6920.857142857142,81.0,85.14285714285714,87.14285714285714,0.0,0.5714285714285714,66.89043117266856,(1.0430769460034772+0j),0.06996865203761748,0.01259133881022169
2020-12-04,7314,90.0,7005.857142857142,75.0,84.99999999999999,87.71428571428571,0.0,0.5714285714285714,66.49768477152003,(1.0801762569418392+0j),0.0703670065640094,0.012520136212556841
2020-12-05,7388,91.0,7086.285714285715,74.0,80.42857142857142,88.28571428571429,1.0,0.5714285714285714,66.47507057056606,(1.0550424160495009+0j),0.07039008176831629,0.012458672687686478
2020-12-06,7466,92.0,7161.142857142857,78.0,74.85714285714285,88.99999999999999,1.0,0.7142857142857142,67.12559613319738,(1.008976718292012+0j),0.06973227965486661,0.012428183849345674
2020-12-07,7519,93.0,7236.428571428572,53.0,75.28571428571428,89.85714285714283,1.0,0.857142857142857,68.41435937422064,(0.9647483910452488+0j),0.06846473029045641,0.012417332938505573
2020-12-08,7599,95.0,7309.428571428572,80.0,73.0,90.7142857142857,2.0,0.857142857142857,69.87657423655318,(0.9563250647437896+0j),0.06708123581087755,0.01241058515420396
2020-12-09,7692,95.0,7383.285714285714,93.0,73.85714285714285,91.57142857142857,0.0,0.8571428571428571,72.41389728079434,(0.8991517726922102+0j),0.06480866200211088,0.012402530812839813
2020-12-10,7842,95.0,7459.571428571428,150.0,76.28571428571428,92.28571428571428,0.0,0.7142857142857142,75.01693565888468,(0.9034180717358674+0j),0.06263181316874022,0.01237144991094854
2020-12-11,7958,97.0,7545.714285714286,116.0,86.14285714285715,93.0,2.0,0.7142857142857142,77.32143009273507,(0.9256481177457295+0j),0.06082310358695453,0.01232487694055282
2020-12-12,8078,97.0,7637.714285714286,120.0,91.99999999999999,94.0,0.0,0.9999999999999999,77.23895947470558,(1.0502485334718328+0j),0.060886028019689564,0.012307346999850366
2020-12-13,8189,97.0,7736.285714285714,111.0,98.57142857142857,94.85714285714286,0.0,0.8571428571428571,75.30841122655697,(1.158690796609974+0j),0.06239712703875511,0.012261328803043174
2020-12-14,8269,98.0,7839.571428571429,80.0,103.28571428571428,95.57142857142857,1.0,0.7142857142857142,72.64182020928929,(1.2122687529990495+0j),0.06461203235218071,0.01219089964830439
2020-12-15,8388,101.0,7946.714285714286,119.0,107.14285714285714,96.28571428571429,3.0,0.7142857142857142,69.29584162904197,(1.2813131511552527+0j),0.06762395903566165,0.012116418286084096
2020-12-16,8511,102.0,8059.428571428571,123.0,112.71428571428571,97.14285714285714,1.0,0.8571428571428571,65.97830132742997,(1.3043905907591546+0j),0.0709008215434952,0.012053318207600682
2020-12-17,8659,104.0,8176.428571428571,148.0,117.0,98.14285714285714,2.0,1.0,62.732555040695146,(1.3215906625393712+0j),0.07442923993193418,0.012003144928802306
2020-12-18,8808,104.0,8293.142857142857,149.0,116.7142857142857,99.42857142857143,0.0,1.2857142857142856,60.44208542743839,(1.2444462273569419+0j),0.07713811478990118,0.011989251016330187
2020-12-19,8936,106.0,8414.57142857143,128.0,121.42857142857142,100.42857142857143,2.0,0.9999999999999999,58.933476403432074,(1.1852543658218284+0j),0.07903259146971675,0.011935078605140741
2020-12-20,9055,106.0,8537.142857142855,119.0,122.57142857142856,101.71428571428571,0.0,1.2857142857142856,57.732569655550385,(1.1606271865518212+0j),0.08060846830328361,0.011914323962516736
2020-12-21,9172,106.0,8660.857142857143,117.0,123.7142857142857,102.99999999999999,0.0,1.2857142857142856,56.92050321580165,(1.130072799782255+0j),0.0817101740294508,0.011892587338765545
2020-12-22,9324,108.0,8789.857142857141,152.0,129.0,104.14285714285712,2.0,1.1428571428571428,56.38280005686071,(1.1081840053069258+0j),0.08245637185366006,0.011848071641014805
2020-12-23,9466,109.0,8923.57142857143,142.0,133.7142857142857,105.14285714285714,1.0,0.9999999999999999,55.9274439581741,(1.101196492345573+0j),0.08309902647532053,0.011782598255022812
2020-12-24,9700,111.0,9059.999999999998,234.0,136.42857142857142,106.14285714285714,2.0,1.0,55.489316605451926,(1.100076327639671+0j),0.08372688705675191,0.011715547146010724
2020-12-25,9912,112.0,9208.714285714286,212.0,148.7142857142857,107.14285714285714,1.0,0.9999999999999999,54.86232825918845,(1.1179315812879145+0j),0.08464206874802882,0.01163494205798855
2020-12-26,10113,114.0,9366.428571428569,201.0,157.7142857142857,108.28571428571429,2.0,1.1428571428571428,53.80065161497484,(1.155792467732454+0j),0.0862381905338111,0.011561046289941283
2020-12-27,10218,114.0,9534.571428571428,105.0,168.1428571428571,109.42857142857142,0.0,1.1428571428571428,52.33811922401413,(1.1972952936899075+0j),0.08853809196980089,0.011477030955020827
2020-12-28,10393,114.0,9700.714285714286,175.0,166.14285714285714,110.57142857142856,0.0,1.1428571428571428,50.48382247854511,(1.245043982015467+0j),0.09163645081058391,0.011398277004638831
2020-12-29,10609,115.0,9875.142857142857,216.0,174.42857142857142,111.7142857142857,1.0,1.1428571428571428,49.20870228298292,(1.1981032887654592+0j),0.09389588395552628,0.011312675404334113
2020-12-30,10826,117.0,10058.714285714286,217.0,183.57142857142858,112.71428571428571,2.0,1.0,47.88603940527331,(1.2090854943034322+0j),0.09636026965251854,0.011205635483092129
2020-12-31,10826,117.0,10252.999999999996,0.0,194.28571428571428,113.85714285714283,0.0,1.1428571428571428,46.399727514907994,(1.2361502309791335+0j),0.09928846345031339,0.011104763762522469
2021-01-01,11222,121.0,10413.857142857141,396.0,160.85714285714286,114.71428571428571,4.0,0.8571428571428571,45.168735078434224,(1.210375509728571+0j),0.10185172284070132,0.01101554247774257
2021-01-02,11458,121.0,10600.999999999998,236.0,187.1428571428571,115.99999999999997,0.0,1.2857142857142856,45.7715088976421,(1.0141937755348862+0j),0.10058027079303689,0.010942363927931326
2021-01-03,11683,124.0,10793.142857142857,225.0,192.14285714285717,116.99999999999997,3.0,1.0,45.76348925355957,(1.0794700439614804+0j),0.10059697872168383,0.010840216010165183
2021-01-04,11877,124.0,11002.42857142857,194.0,209.2857142857143,118.4285714285714,0.0,1.4285714285714286,45.46867635968814,(1.1094349303438364+0j),0.10121505717916135,0.010763857330199824
2021-01-05,11877,124.0,11214.42857142857,0.0,212.0,119.85714285714283,0.0,1.4285714285714286,44.886618468081934,(1.138978919818522+0j),0.10245789890543644,0.01068776193933835
2021-01-06,12449,128.0,11395.57142857143,572.0,181.14285714285714,121.14285714285712,4.0,1.2857142857142856,44.611503957532605,(1.1083191521268039+0j),0.10305601202532444,0.01063069613509007
2021-01-07,12898,131.0,11627.428571428569,449.0,231.85714285714283,122.7142857142857,3.0,1.5714285714285714,45.923571266087556,(0.951199635360855+0j),0.10026451378355039,0.010553862787497544
2021-01-08,13353,131.0,11923.428571428569,455.0,296.0,124.71428571428568,0.0,2.0,44.01752859388576,(1.2984175532897249+0j),0.10437143699626494,0.010459599348221988
2021-01-09,13830,136.0,12227.857142857141,477.0,304.42857142857144,126.14285714285711,5.0,1.4285714285714286,41.2738819328496,(1.3874823529856883+0j),0.11091009297421639,0.0103160231321923
2021-01-10,14218,139.0,12566.714285714286,388.0,338.8571428571428,128.28571428571425,3.0,2.142857142857143,38.87666910603906,(1.3891782506762287+0j),0.1173316198376072,0.010208373594643442
2021-01-11,14558,140.0,12928.857142857143,340.0,362.1428571428571,130.42857142857142,1.0,2.142857142857143,36.49911274530532,(1.4108590044519014+0j),0.12447849761842522,0.010088174846964707
2021-01-12,14973,143.0,13311.857142857143,415.0,383.0,132.71428571428572,3.0,2.2857142857142856,34.10663760399676,(1.4658951297213745+0j),0.1326048043137169,0.009969629653477566
2021-01-13,15395,152.0,13754.142857142857,422.0,442.2857142857143,135.42857142857142,9.0,2.714285714285714,31.216750505462095,(1.7071421525657582+0j),0.14395329620209696,0.009846383946655032
2021-01-14,15883,160.0,14174.999999999998,488.0,420.85714285714283,138.85714285714286,8.0,3.4285714285714284,28.885733881907253,(1.586151237631772+0j),0.15462354199773587,0.00979591836734694
2021-01-15,15883,160.0,14601.42857142857,0.0,426.4285714285714,143.0,0.0,4.142857142857142,28.050536517782838,(1.2858004259925657+0j),0.15884101788863703,0.009793562273750122
<<<<<<< HEAD
2021-01-16,16890,165.0,14962.857142857141,1007.0,361.4285714285714,147.14285714285714,5.0,4.142857142857142,27.350382087274465,(1.2721651370729927+0j),0.16255747969865963,0.00983387435554707
2021-01-17,17318,169.0,15400.0,428.0,437.1428571428571,151.28571428571428,4.0,4.142857142857142,27.802248926448936,(1.0471385997853437+0j),0.16013939278212708,0.009823747680890537
2021-01-18,17681,174.0,15842.857142857143,363.0,442.8571428571428,155.57142857142858,5.0,4.285714285714286,27.740834211236013,(1.1439003364307265+0j),0.16046382189239328,0.009819657348963031
2021-01-19,18168,181.0,16289.0,487.0,446.14285714285705,160.42857142857144,7.0,4.857142857142857,27.87504375647763,(1.1092931795452325+0j),0.15975653742110008,0.009848890136200592
2021-01-20,18565,189.0,16745.428571428572,397.0,456.4285714285714,165.85714285714283,8.0,5.428571428571428,28.684785856856692,(1.0062215040665923+0j),0.15561772624821313,0.0099046221570066
2021-01-21,19045,194.0,17198.285714285714,480.0,452.8571428571428,171.14285714285714,5.0,5.285714285714285,29.115887983863562,(1.059668649171852+0j),0.15350031565118005,0.00995115792271655
2021-01-22,19507,203.0,17650.0,462.0,451.71428571428567,176.0,9.0,4.857142857142857,29.641518675265907,(1.0438870720046407+0j),0.15099511579227165,0.009971671388101983
2021-01-23,19918,208.0,18167.714285714286,411.0,517.7142857142857,182.14285714285714,5.0,6.142857142857142,29.376894977490643,(1.1726607491892334+0j),0.15224605422905713,0.01002563417050655
=======
>>>>>>> afacaa9b57eced22dd459e5cb5757c17155a56e4
